Date,strat
1981-06-03,0.0
1981-06-04,0.0
1981-06-05,0.009621215960907037
1981-06-08,0.0001512953583138188
1981-06-09,-0.002041774510323169
1981-06-10,0.002652164130318324
1981-06-11,0.010807078269557513
1981-06-12,-0.0
1981-06-15,0.0
1981-06-16,-0.0
1981-06-17,0.008853677501119428
1981-06-18,-0.0
1981-06-19,0.004785816512713037
1981-06-22,-0.0024193491636967934
1981-06-23,0.010610149205403818
1981-06-24,-0.0
1981-06-25,0.0011306640460104767
1981-06-26,-0.0018823884089728127
1981-06-29,-0.005054301307218734
1981-06-30,-0.005155756152309343
1981-07-01,-0.010974791309526388
1981-07-02,-0.008707750987200225
1981-07-06,-0.009872486389086554
1981-07-07,0.006830515253367864
1981-07-08,0.0006238445697739348
1981-07-09,0.007637123375959343
1981-07-10,0.0005413152651023712
1981-07-13,0.00208707028408206
1981-07-14,7.70943141237268e-05
1981-07-15,0.004473597056377621
1981-07-16,0.0008446641630988072
1981-07-17,0.0032223276104483833
1981-07-20,-0.01560105056463712
1981-07-21,-0.002952182094536737
1981-07-22,-0.00942807479351171
1981-07-23,0.002123843925857294
1981-07-24,0.008320291799784219
1981-07-27,0.011209614723317163
1981-07-28,-0.005850612336760874
1981-07-29,0.00015490376765892044
1981-07-30,0.006580913755237949
1981-07-31,0.006999490043525292
1981-08-01,0.0
1981-08-03,-0.0033608497369397305
1981-08-04,0.00536478365391635
1981-08-05,0.011358481295594247
1981-08-06,-0.00022611577380649006
1981-08-07,-0.006709886864775583
1981-08-10,0.005996153974442642
1981-08-11,0.009883905867979825
1981-08-12,-0.0033620634031441554
1981-08-13,0.000824592319224049
1981-08-14,-0.007639795188663978
1981-08-17,-0.009585660954074537
1981-08-18,-0.008459080932979202
1981-08-19,0.002920643156020919
1981-08-20,0.0015326610454673428
1981-08-21,-0.011171525645366609
1981-08-24,-0.028863234936594484
1981-08-25,-0.0029482290564305513
1981-08-26,-0.0013585724660492016
1981-08-27,-0.011603688851357874
1981-08-28,0.00461500837960882
1981-08-31,-0.01039652560034443
1981-09-01,0.0018730818944880934
1981-09-02,0.003820527016163089
1981-09-03,-0.018220099108610666
1981-09-04,-0.009650265502808564
1981-09-08,-0.017406482411948532
1981-09-09,0.0035599097897518472
1981-09-10,0.014695927714065249
1981-09-11,0.012235735210348153
1981-09-14,-0.007811832443666011
1981-09-15,-0.0073761560751754995
1981-09-16,-0.007514351855302248
1981-09-17,-0.014469598561127173
1981-09-18,-0.007597092428990093
1981-09-21,0.00842934551464003
1981-09-22,-0.004776506045696571
1981-09-23,-0.008827552079215928
1981-09-24,-0.005533933257279133
1981-09-25,-0.01947661465574757
1981-09-28,0.024474613978807458
1981-09-29,0.0
1981-09-30,0.0020700177567343214
1981-10-01,0.007746613216688125
1981-10-02,0.01947385329380924
1981-10-05,0.0012567151902804774
1981-10-06,-0.0010041230393857958
1981-10-07,0.016081733635654683
1981-10-08,0.008243343666023861
1981-10-09,-0.0070313190051334296
1981-10-12,-0.0019761043211208307
1981-10-13,-0.0035475646268763317
1981-10-14,-0.016393407414725503
1981-10-15,0.007659899068507503
1981-10-16,-0.004343802915740325
1981-10-19,-0.0017618850589073975
1981-10-20,0.010926167302780732
1981-10-21,-0.0014965107000546318
1981-10-22,-0.0038301339743295193
1981-10-23,-0.008692752598069009
1981-10-26,-0.0037099057139341474
1981-10-27,0.009563280453589895
1981-10-28,0.0013412359081810266
1981-10-29,-0.003264959393991629
1981-10-30,0.023769543835761908
1981-11-01,0.0
1981-11-02,0.01895149372516869
1981-11-03,0.004830967135737163
1981-11-04,-0.0004808107894307412
1981-11-05,-0.00961998531980679
1981-11-06,-0.007042275701267919
1981-11-09,0.005054232948859649
1981-11-10,-0.004785497306382558
1981-11-11,0.0017930010283204734
1981-11-12,0.002196585392800321
1981-11-13,-0.012338698289935612
1981-11-16,-0.011753105339823766
1981-11-17,0.007568227530579286
1981-11-18,-0.007346259830284252
1981-11-19,0.0037418671233053757
1981-11-20,0.008284317849262868
1981-11-23,-0.0009037927136554824
1981-11-24,0.015707267155236515
1981-11-25,0.004372122955125013
1981-11-27,0.008383661914936669
1981-11-30,0.010072764994148553
1981-12-01,-0.0019786308113901585
1981-12-02,-0.01118157057713376
1981-12-03,0.00344855478993078
1981-12-04,0.009111248118795157
1981-12-07,-0.008474573710760103
1981-12-08,-0.002955529510075716
1981-12-09,0.0052876435164479485
1981-12-10,0.0018329273301407323
1981-12-11,-0.006204747315070369
1981-12-14,-0.01720964956877402
1981-12-15,0.0017103688431381325
1981-12-16,-0.0046345207311538905
1981-12-17,0.005718057409792365
1981-12-18,0.007147475907950396
1981-12-21,-0.005322610178301379
1981-12-22,-0.003729520821554755
1981-12-23,-0.004638669495155456
1981-12-24,0.001880495147777328
1981-12-28,-0.0022033970168408024
1981-12-29,-0.00490716030583227
1981-12-30,0.005177980539933236
1981-12-31,0.0020441536693518447
1982-01-01,0.0
1982-01-04,0.0015503452246465876
1982-01-05,-0.02191620383599302
1982-01-06,-0.007247003119249751
1982-01-07,-0.0020976673884867125
1982-01-08,0.005213173673514593
1982-01-11,-0.023170256810965517
1982-01-12,-0.0041102563157772165
1982-01-13,-0.01220985177195466
1982-01-14,0.005745157363239217
1982-01-15,0.006837466758416566
1982-01-18,0.007650643648583255
1982-01-19,-0.010663709153581058
1982-01-20,-0.00603608321349014
1982-01-21,0.004164165619089388
1982-01-22,-0.003196568005028322
1982-01-25,0.0002600659508207315
1982-01-26,-0.0019062578088744342
1982-01-27,0.00477468018670324
1982-01-28,0.027475378986258292
1982-01-29,0.012445369826116215
1982-02-01,-0.02176081987855194
1982-02-02,0.001952821865490062
1982-02-03,-0.012964992387091478
1982-02-04,-0.0005151544149978315
1982-02-05,0.0072152893016383945
1982-02-08,-0.02242883195377232
1982-02-09,-0.008287507380306258
1982-02-10,0.008620719161706258
1982-02-11,-0.002005959790576939
1982-02-12,-0.000436975020750352
1982-02-16,-0.0027976893032723993
1982-02-17,-0.003243863976039707
1982-02-18,0.0011434361036712914
1982-02-19,-0.005271467894305215
1982-02-22,-0.014396792662412006
1982-02-23,-0.0007168581798133733
1982-02-24,0.01757689038583421
1982-02-25,-0.0022913733447905704
1982-02-26,-0.0008833007236973556
1982-03-01,0.0017681632672883474
1982-03-02,-0.005559944109011172
1982-03-03,-0.015619472235212872
1982-03-04,-0.009376135347056946
1982-03-05,-0.004914460584504177
1982-03-08,-0.018291568199979125
1982-03-09,0.01388117704488967
1982-03-10,0.005329429580963163
1982-03-11,-0.00045702449578777227
1982-03-12,-0.00685808335601823
1982-03-15,0.0077340607050007115
1982-03-16,-0.0015532039624057692
1982-03-17,-0.0018301331485746086
1982-03-18,0.01118446278166263
1982-03-19,0.002810494560442356
1982-03-22,0.019528035627844442
1982-03-23,0.006916790209369639
1982-03-24,-0.00510789797856992
1982-03-25,0.0021244388879899656
1982-03-26,-0.011218060713160005
1982-03-29,0.003216013958370345
1982-03-30,-0.00026719864537827487
1982-03-31,-0.0027611790136532477
1982-04-01,0.01634513974650864
1982-04-02,0.011688213554387872
1982-04-05,-0.003387763901525953
1982-04-06,0.005491129041964804
1982-04-07,0.0008668383633150256
1982-04-08,0.006582384741528058
1982-04-12,-0.0018929721080052087
1982-04-13,-8.622531233160036e-05
1982-04-14,-0.0013793950828653312
1982-04-15,0.0044893087701478596
1982-04-16,0.003953580494244546
1982-04-19,-0.0009417054417485415
1982-04-20,-0.010796868378623481
1982-04-21,0.002425491799854962
1982-04-22,0.012703086806052699
1982-04-23,0.012373043075642576
1982-04-26,0.005225916636645955
1982-04-27,-0.010565169492376625
1982-04-28,-0.006271168337029898
1982-04-29,-0.009551447434572258
1982-04-30,0.0025831156650113485
1982-05-01,0.0
1982-05-03,0.0032634596826737194
1982-05-04,0.005478508742684074
1982-05-05,0.0017878348894047047
1982-05-06,0.008583344539364601
1982-05-07,0.006656563140343019
1982-05-10,-0.009123662477173111
1982-05-11,0.008785275719351393
1982-05-12,-0.002093451715233785
1982-05-13,-0.00797177949852268
1982-05-14,-0.0017763414168860958
1982-05-17,-0.011016041252648212
1982-05-18,-0.007454397681490366
1982-05-19,-0.008200940765494935
1982-05-20,-0.0026112198916491414
1982-05-21,0.0026180562121076445
1982-05-24,-0.0008703844951896134
1982-05-25,-0.0033975031495594443
1982-05-26,-0.011276231628681632
1982-05-27,-0.0039784010769513545
1982-05-28,-0.00692354325702671
1982-06-01,-0.0017876023699676669
1982-06-02,0.003223501158379438
1982-06-03,-0.0016065717931534884
1982-06-04,-0.015823388725219933
1982-06-07,0.00027256253692042876
1982-06-08,-0.004449741018366149
1982-06-09,-0.005837812694358013
1982-06-10,0.005688620595781568
1982-06-11,0.0148708807986635
1982-06-14,-0.011506641530723782
1982-06-15,-0.0024554078329792617
1982-06-16,-0.007475610142886446
1982-06-17,-0.011665327826041683
1982-06-18,-0.002973974901135157
1982-06-21,-0.0007457292315902198
1982-06-22,0.010261251257746906
1982-06-23,0.016989808735381695
1982-06-24,-0.00281457744971525
1982-06-25,-0.0062824586169782926
1982-06-28,0.010262073967798324
1982-06-29,-0.00045350127688215114
1982-06-30,-0.0054441382733450006
1982-07-01,-0.008210943534963433
1982-07-02,-0.009750690530041184
1982-07-06,-0.003344176546667521
1982-07-07,-0.0006524344694462947
1982-07-08,0.0028912288291775834
1982-07-09,0.01208967791793647
1982-07-12,0.0067995759562540226
1982-07-13,-0.0010952153592795888
1982-07-14,0.009045276571658878
1982-07-15,0.0002716296507943028
1982-07-16,0.005431324952394734
1982-07-19,-0.0030610996562959736
1982-07-20,0.007315068491263066
1982-07-21,-0.0010758718450514237
1982-07-22,0.0005385495330676449
1982-07-23,-0.0027808143043889233
1982-07-26,-0.0072861165056672395
1982-07-27,-0.008426969010804308
1982-07-28,-0.015443684882511244
1982-07-29,-0.00018560092317521093
1982-07-30,-0.005848541363471682
1982-08-01,0.0
1982-08-02,0.017648772842232763
1982-08-03,-0.0105524086112605
1982-08-04,-0.01567284070025432
1982-08-05,-0.009233048173869163
1982-08-06,-0.01378855579252114
1982-08-09,-0.006074604753441681
1982-08-10,-0.00232834195673981
1982-08-11,-0.0023337015977810127
1982-08-12,-0.0017543889654265676
1982-08-13,0.013962120003331302
1982-08-16,0.0023110049811829736
1982-08-17,0.04755504613112205
1982-08-18,-0.004585473182335598
1982-08-19,0.005712205098142187
1982-08-20,0.035360872585760816
1982-08-23,0.02734032966788913
1982-08-24,-0.006545535545908088
1982-08-25,0.01933249576447893
1982-08-26,0.008249712583751068
1982-08-27,-0.012146793794493238
1982-08-30,0.004696465279577566
1982-08-31,0.015723256982328904
1982-09-01,-0.010543068477182227
1982-09-02,0.01725159336598181
1982-09-03,0.019868645535440654
1982-09-07,-0.010678167226402246
1982-09-08,0.006838544804132152
1982-09-09,-0.001882125476946439
1982-09-10,-0.008198737312386406
1982-09-13,0.010498442839141253
1982-09-14,0.0070353454301430585
1982-09-15,0.0096669574017616
1982-09-16,-0.0
1982-09-17,-0.0
1982-09-20,-0.00032640485133605956
1982-09-21,0.019345319368716307
1982-09-22,-0.0
1982-09-23,-0.0
1982-09-24,-0.0
1982-09-27,0.0
1982-09-28,-0.0
1982-09-29,-0.013063945458123616
1982-09-30,-0.009948196265692655
1982-10-01,0.012871641548966029
1982-10-04,-0.0
1982-10-05,0.0
1982-10-06,0.0
1982-10-07,0.0
1982-10-08,0.0
1982-10-11,0.026096894996596065
1982-10-12,-0.00022308900888334815
1982-10-13,0.01688488717076808
1982-10-14,-0.015653568023937248
1982-10-15,-0.0074310763585729855
1982-10-18,0.023657918919252285
1982-10-19,-0.0010970079804819566
1982-10-20,0.019402503008912886
1982-10-21,-0.0012209881071747475
1982-10-22,-0.0016539316235939516
1982-10-25,-0.03968878797207809
1982-10-26,0.008700782625216563
1982-10-27,0.006023182512846281
1982-10-28,-0.012565577889022128
1982-10-29,0.0009731633084537616
1982-11-01,0.01308704744260103
1982-11-02,0.014911081820764283
1982-11-03,0.03913004152357047
1982-11-04,-0.007139280804449144
1982-11-05,0.002185389814981953
1982-11-08,-0.012099051606605737
1982-11-09,0.018370847238706745
1982-11-10,-0.01300517798061418
1982-11-11,0.004179628241600897
1982-11-12,-0.01566138427303787
1982-11-15,-0.01791729392870134
1982-11-16,-0.011749256547426978
1982-11-17,0.018534888057704313
1982-11-18,0.002972549002254521
1982-11-19,-0.009541651730318512
1982-11-22,-0.020434994631806314
1982-11-23,-0.009611149852402856
1982-11-24,0.007146710745319584
1982-11-26,0.007469375287783464
1982-11-29,-0.005041577031088651
1982-11-30,0.032265290085846
1982-12-01,0.0013715617056271334
1982-12-02,0.0007209205783995642
1982-12-03,-0.0009364996106712153
1982-12-06,0.02220781438341901
1982-12-07,0.006700972840604891
1982-12-08,-0.0063060109920586305
1982-12-09,-0.012833219787233396
1982-12-10,-0.0030713762555804047
1982-12-13,0.002722573648224591
1982-12-14,-0.018220815343789387
1982-12-15,-0.015720440314921924
1982-12-16,0.00044363765274169076
1982-12-17,0.01618627045092147
1982-12-20,-0.009018877326510188
1982-12-21,0.017321105397075653
1982-12-22,0.0015871958713973289
1982-12-23,0.006410713663545842
1982-12-27,0.01753504814512663
1982-12-28,-0.009847323025359511
1982-12-29,0.003338788139790383
1982-12-30,-0.006442959690718952
1982-12-31,0.0022090611740102073
1983-01-01,0.0
1983-01-03,-0.01635383291907988
1983-01-04,0.021830304701502934
1983-01-05,0.00424452533195363
1983-01-06,0.02331640886200681
1983-01-07,-0.0006196158465781032
1983-01-10,0.011020844360343673
1983-01-11,-0.006812917347844061
1983-01-12,0.006242308065093738
1983-01-13,-0.006544459048943407
1983-01-14,0.00631303229202973
1983-01-17,0.00047737693237248635
1983-01-18,-0.002181074983344522
1983-01-19,-0.007718508682605707
1983-01-20,0.007021332578464268
1983-01-21,-0.016679112000810292
1983-01-24,-0.026972573640493436
1983-01-25,0.012717001955941942
1983-01-26,-0.001481528845623914
1983-01-27,0.019287912362756954
1983-01-28,0.00166347977589143
1983-01-31,0.005466809044024412
1983-02-01,-0.0161045856073182
1983-02-02,0.0018885632414122888
1983-02-03,0.007191222579215895
1983-02-04,0.013032059853041345
1983-02-07,0.005405729365212775
1983-02-08,-0.008371304627049159
1983-02-09,-0.004804371742649027
1983-02-10,0.01724137931034475
1983-02-11,0.0010169077727755216
1983-02-14,0.00866914210774894
1983-02-15,-0.0042301057879921
1983-02-16,-0.005866556696380698
1983-02-17,6.789504254411938e-05
1983-02-18,0.0037981385602343654
1983-02-22,-0.017027055895006304
1983-02-23,0.009004657664736015
1983-02-24,0.01914308158530509
1983-02-25,0.0009358247589346114
1983-02-28,-0.011219499618937867
1983-03-01,0.019046382349849456
1983-03-02,0.009411440369770707
1983-03-03,0.007747817807858048
1983-03-04,0.0012379622536837775
1983-03-07,0.0
1983-03-08,-0.015682981003616647
1983-03-09,0.010643928790297519
1983-03-10,-0.006999359584001108
1983-03-11,-0.0036890484014207026
1983-03-14,-0.0027109471516642003
1983-03-15,0.003580145061177209
1983-03-16,-0.010305857230067494
1983-03-17,-0.0014685349728884578
1983-03-18,0.0020723147682517595
1983-03-21,0.008605794512658305
1983-03-22,-0.0035055147214663185
1983-03-23,0.014270502085651282
1983-03-24,0.0036646657125887216
1983-03-25,-0.004564106217173292
1983-03-28,-0.0053710098595946
1983-03-29,-0.0017122802448078511
1983-03-30,0.011874154596228426
1983-03-31,-0.0028032640817017285
1983-04-01,0.0
1983-04-04,0.0003922434359326932
1983-04-05,-0.0073193722696695
1983-04-06,-0.0056616237321091
1983-04-07,0.004766957446423747
1983-04-08,0.007182469927083268
1983-04-11,0.014981963982271251
1983-04-12,0.0043831889728349616
1983-04-13,0.0060967584622526605
1983-04-14,0.00861128282155521
1983-04-15,0.003984346713049147
1983-04-18,0.006236255075049213
1983-04-19,-0.0064479701006455725
1983-04-20,0.012601599870168956
1983-04-21,-0.004106798796197353
1983-04-22,0.002311747017385901
1983-04-25,-0.010036159012145163
1983-04-26,0.01889049836987211
1983-04-27,-0.0022866023284717762
1983-04-28,0.009353285951441803
1983-04-29,0.009082514607282599
1983-05-01,0.0
1983-05-02,-0.01410929981614839
1983-05-03,0.0014187633500284402
1983-05-04,0.0059751216125703
1983-05-05,0.005939631591477479
1983-05-06,0.011078690879854802
1983-05-09,-0.0017459875633065725
1983-05-10,0.0008443362385248676
1983-05-11,-0.0059655935678248895
1983-05-12,-0.004304114239633505
1983-05-13,0.004018287136130061
1983-05-16,-0.009156568625872552
1983-05-17,0.0018972633351455048
1983-05-18,-0.00268769423591364
1983-05-19,-0.007839766924736757
1983-05-20,0.0009259453756280678
1983-05-23,0.007956045954044644
1983-05-24,0.012910730618078459
1983-05-25,0.004047441433540966
1983-05-26,-0.004392100095301998
1983-05-27,-0.006163820643017681
1983-05-31,-0.012586691230167646
1983-06-01,0.0009853048999985958
1983-06-02,0.008797247917158968
1983-06-03,0.0026832690137237325
1983-06-06,0.002493636216247097
1983-06-07,-0.01249770997821853
1983-06-08,-0.008662552221533226
1983-06-09,0.0029127492496612284
1983-06-10,0.005252368751833325
1983-06-13,0.013277623305615993
1983-06-14,0.004185892118026224
1983-06-15,0.009605487522600598
1983-06-16,0.0120871489437544
1983-06-17,-5.909014350247155e-05
1983-06-20,-0.0006503908660546731
1983-06-21,0.008933821255866281
1983-06-22,0.0026975119753711585
1983-06-23,-0.0024562732057582526
1983-06-24,-0.0009380527363479496
1983-06-27,-0.011442972280598429
1983-06-28,-0.016502516486348262
1983-06-29,0.005794343048685535
1983-06-30,0.006000960175604364
1983-07-01,0.005965163467196666
1983-07-05,-0.012096734425498523
1983-07-06,0.011284451111336136
1983-07-07,-0.005460578064312771
1983-07-08,-0.0028646200437619784
1983-07-11,0.0061647041417822734
1983-07-12,-0.015347105000818262
1983-07-13,-0.0004228361381372059
1983-07-14,0.0033239923283687745
1983-07-15,-0.010360829333274313
1983-07-18,-0.0020694890241944597
1983-07-19,0.005306559269111943
1983-07-20,0.027120408708155797
1983-07-21,-0.001358590210056465
1983-07-22,-0.0010055493398809512
1983-07-25,0.003789445153421278
1983-07-26,0.005898661046425557
1983-07-27,-0.01724038270363948
1983-07-28,-0.015215723536484593
1983-07-29,-0.015026634927447269
1983-08-01,-0.0031988452280427015
1983-08-02,-0.00018513194606162298
1983-08-03,0.008826664916095517
1983-08-04,-0.012909939909649726
1983-08-05,0.0025413974924437532
1983-08-08,-0.015827950602431584
1983-08-09,0.005968163404594717
1983-08-10,0.008805272967750133
1983-08-11,0.0
1983-08-12,0.003838123076298272
1983-08-15,0.009496751673376158
1983-08-16,-0.0017714923123944848
1983-08-17,0.011504740113162049
1983-08-18,-0.010526893974536655
1983-08-19,0.002629120561038256
1983-08-22,0.002195393460978856
1983-08-23,-0.009553316906504628
1983-08-24,-0.009338356162457262
1983-08-25,-0.002542658369670492
1983-08-26,0.00808258568364284
1983-08-29,0.000678429818463222
1983-08-30,0.00203390959047578
1983-08-31,0.01119443993684377
1983-09-01,-0.0010340521609286668
1983-09-02,0.00468857268764955
1983-09-06,0.017515147816051124
1983-09-07,0.0004169832894946879
1983-09-08,-0.001131236209878983
1983-09-09,-0.005066496285803246
1983-09-12,-0.008626901852399782
1983-09-13,-0.0041092137620117875
1983-09-14,0.003337397096922823
1983-09-15,-0.005866351284534388
1983-09-16,0.011376049772723995
1983-09-19,0.008240572133458635
1983-09-20,0.00966477999742188
1983-09-21,-0.004904288608571394
1983-09-22,0.00801609652259816
1983-09-23,-0.0014726673426579406
1983-09-26,0.0033037156246278343
1983-09-27,-0.009643173856698883
1983-09-28,-0.002552945998216427
1983-09-29,-0.0045833587646484375
1983-09-30,-0.006936485277499127
1983-10-01,0.0
1983-10-03,-0.001565663600636702
1983-10-04,0.0027743002270090855
1983-10-05,0.008841048793709616
1983-10-06,0.015142441891933256
1983-10-07,0.0030538188641575648
1983-10-10,0.010831327937189439
1983-10-11,-0.013379656184515976
1983-10-12,-0.0042268476939197885
1983-10-13,0.0014738828392684145
1983-10-14,-5.883621076840928e-05
1983-10-17,0.003355657973516779
1983-10-18,-0.015372852372127155
1983-10-19,-0.006435861073638249
1983-10-20,0.0014994302549407035
1983-10-21,-0.006168396248958596
1983-10-24,0.00024108795213995116
1983-10-25,0.002891714631329645
1983-10-26,-0.006547704270426058
1983-10-27,-0.0032652589731420045
1983-10-28,-0.00891774601650619
1983-10-31,0.001101842075964976
1983-11-01,0.0006725809128647064
1983-11-02,0.007210024742621002
1983-11-03,-0.008432415800344928
1983-11-04,-0.006179226220210721
1983-11-07,-0.0032627356028762655
1983-11-08,-0.0009264971396485411
1983-11-09,0.013662257597157668
1983-11-10,0.0026834325677294046
1983-11-11,0.011434764200158654
1983-11-14,0.00174399276343018
1983-11-15,-0.007323815627883423
1983-11-16,0.004354143795631149
1983-11-17,0.00030107810215862507
1983-11-18,-0.006260208958974611
1983-11-21,0.005815050791462495
1983-11-22,0.00475756261134519
1983-11-23,0.0007193141849122231
1983-11-25,0.0013175967481307005
1983-11-28,-0.003828205632773418
1983-11-29,0.008226314586327277
1983-11-30,-0.008992970833730962
1983-12-01,0.0005409350960414727
1983-12-02,-0.006306703208084907
1983-12-05,0.0019341879878358448
1983-12-06,-0.0017494769289513323
1983-12-07,0.002659107017346063
1983-12-08,-0.004279468978333423
1983-12-09,-0.0007263627082577662
1983-12-12,0.0032711005581733676
1983-12-13,-0.004166178370661244
1983-12-14,-0.009701030229667285
1983-12-15,-0.010224687137839639
1983-12-16,0.0045156235989258775
1983-12-19,-0.0004310121663450017
1983-12-20,-0.0019714595230369003
1983-12-21,0.009629614559220734
1983-12-22,-0.00018341146823586119
1983-12-23,-0.0018956617189982428
1983-12-27,0.009435077040898188
1983-12-28,0.0035202831414917757
1983-12-29,-0.002903082969459736
1983-12-30,0.00042455456248058354
1984-01-01,0.0
1984-01-03,-0.005396225242051633
1984-01-04,0.016703277281807205
1984-01-05,0.01217171599805078
1984-01-06,0.002784202520588197
1984-01-09,-0.002244830373066886
1984-01-10,-0.005624612093381276
1984-01-11,-0.0008930866282218508
1984-01-12,-0.000297991959764099
1984-01-13,-0.0043516883906948856
1984-01-16,0.0009578996481123259
1984-01-17,0.0038880798166682773
1984-01-18,-0.001668347591265218
1984-01-19,-0.0030439257316363655
1984-01-20,-0.004968789545171326
1984-01-23,-0.008062159572537309
1984-01-24,0.006490006404489712
1984-01-25,-0.006628938696707776
1984-01-26,-0.0036398377702987483
1984-01-27,-0.0018266137464925114
1984-01-30,-0.006526822668562415
1984-01-31,0.0033155802855726613
1984-02-01,-0.004100104974789076
1984-02-02,0.003809727763672388
1984-02-03,-0.014997532682960446
1984-02-06,-0.017587482236327112
1984-02-07,0.004175124332391755
1984-02-08,-0.01820586676099678
1984-02-09,-0.0027591140053256913
1984-02-10,0.005662108436366831
1984-02-13,-0.008637274965814123
1984-02-14,0.010713157113929173
1984-02-15,-0.002298707674788014
1984-02-16,-0.0007679687499999588
1984-02-17,-0.0024979144139600784
1984-02-21,-0.007063092748920585
1984-02-22,-0.0021340004679072377
1984-02-23,-0.00012963691774636743
1984-02-24,0.02086979947384915
1984-02-27,0.011364412464913043
1984-02-28,-0.015568083364903007
1984-02-29,0.0015303546943397084
1984-03-01,0.0071947338620768075
1984-03-02,0.006637606900263826
1984-03-05,-0.008477807441256258
1984-03-06,-0.010386974450491748
1984-03-07,-0.010751953124999991
1984-03-08,0.004011095864717262
1984-03-09,-0.005412696209008527
1984-03-12,0.01289271237890599
1984-03-13,0.0028143945996730313
1984-03-14,-6.374860896640744e-05
1984-03-15,0.004082409722564906
1984-03-16,0.01181627956977982
1984-03-19,-0.009355217261218463
1984-03-20,0.006844985672521231
1984-03-21,-0.001258950947210069
1984-03-22,-0.012416495494973923
1984-03-23,0.0010849330927089618
1984-03-26,-0.0012112867567699581
1984-03-27,0.004021222251711087
1984-03-28,0.01640179136046016
1984-03-29,-0.0022516925153676093
1984-03-30,-0.0021314668228001876
1984-04-01,0.0
1984-04-02,-0.007538616682099875
1984-04-03,-0.002025522686945558
1984-04-04,-0.0007611973435809327
1984-04-05,-0.01586898633072409
1984-04-06,0.002837993166022734
1984-04-09,-0.00019294301595840224
1984-04-10,0.002701821660923809
1984-04-11,-0.00558154323757698
1984-04-12,0.01761287566154235
1984-04-13,-0.0026627666285543583
1984-04-16,0.006420505888373729
1984-04-17,0.004105570151681892
1984-04-18,-0.006730875737575359
1984-04-19,0.0007600404092178437
1984-04-23,-0.007720549219829009
1984-04-24,0.008099516886117097
1984-04-25,0.003669175336191488
1984-04-26,0.010400310234805588
1984-04-27,-0.0025577271010842617
1984-04-30,0.0010007108807315035
1984-05-01,0.010184252377029468
1984-05-02,0.001360720130314963
1984-05-03,-0.004323637891485932
1984-05-04,-0.012965238073556984
1984-05-07,0.00226258945993707
1984-05-08,0.006584329615101803
1984-05-09,-0.0025542215997792495
1984-05-10,-0.0006870314779353626
1984-05-11,-0.009437465667724632
1984-05-14,-0.006246485323055717
1984-05-15,0.0031746031746031633
1984-05-16,-6.32563723793611e-05
1984-05-17,-0.00898789872506689
1984-05-18,-0.005045720814753185
1984-05-21,-0.006740294389431911
1984-05-22,-0.005493381168466538
1984-05-23,-0.004744027574499099
1984-05-24,-0.01253671724102745
1984-05-25,0.002578849439043074
1984-05-29,-0.008771942183659398
1984-05-30,0.0003993134610669191
1984-05-31,0.0013302091128915006
1984-06-01,0.017867833855051085
1984-06-04,0.007178222430797465
1984-06-05,-0.00447066514045813
1984-06-06,0.008851289712825006
1984-06-07,-0.0005805840983154065
1984-06-08,0.0016137361409427342
1984-06-11,-0.013597993395954355
1984-06-12,-0.005684013661730658
1984-06-13,-0.00039422798890387245
1984-06-14,-0.011437622016146065
1984-06-15,-0.009043158560217202
1984-06-18,0.018117137290195595
1984-06-19,0.005799808261991446
1984-06-20,0.014612382665751822
1984-06-21,-0.0021312441156001727
1984-06-22,-0.0003235246569537331
1984-06-25,-0.0031723777797820762
1984-06-26,-0.008183376611329951
1984-06-27,-0.007006792463991052
1984-06-28,0.007913459199895723
1984-06-29,0.002224524640389136
1984-07-01,0.0
1984-07-02,0.00013059324596831345
1984-07-03,0.0032637076368149387
1984-07-05,-0.006115826025180682
1984-07-06,-0.003403960672757167
1984-07-09,0.007356772706092585
1984-07-10,-0.0030646923502385404
1984-07-11,-0.015239726864780367
1984-07-12,-0.003520183235195762
1984-07-13,0.005665574288019837
1984-07-16,0.004772012177904905
1984-07-17,0.005145110474232384
1984-07-18,-0.006431362087708337
1984-07-19,-0.006803162621004555
1984-07-20,-0.0054531628121065046
1984-07-23,-0.004012076838995293
1984-07-24,-0.007586368896778772
1984-07-25,0.0068325967852287395
1984-07-26,0.008398844215690815
1984-07-27,0.007396059413705913
1984-07-30,-0.006614193953648151
1984-07-31,0.003129377542200107
1984-08-01,0.022700106768983375
1984-08-02,0.02537645129571464
1984-08-03,0.027596686238106516
1984-08-06,0.0015398829110027101
1984-08-07,0.0007379773227751407
1984-08-08,-0.00596116773246258
1984-08-09,0.023431179512413136
1984-08-10,-0.000724870859334259
1984-08-13,6.041897561703813e-05
1984-08-14,-0.006105268400847796
1984-08-15,-0.009852786371660982
1984-08-16,0.005958238344717648
1984-08-17,0.002259236169841916
1984-08-20,0.004873906754798485
1984-08-21,0.017521519018256937
1984-08-22,-0.00458800133504178
1984-08-23,0.00035913779163498916
1984-08-24,0.002333648881302164
1984-08-27,-0.006387631189290199
1984-08-28,0.005767792844247666
1984-08-29,-0.0018518373351043005
1984-08-30,-0.0029324929386205234
1984-08-31,0.000480111460595678
1984-09-01,0.0
1984-09-04,-0.01079906330731617
1984-09-05,-0.0035784302474944907
1984-09-06,0.008278048973944241
1984-09-07,-0.007727128442254871
1984-09-10,-0.0006692256106300976
1984-09-11,0.00115671769000536
1984-09-12,0.001398575444251593
1984-09-13,0.019796028118869602
1984-09-14,0.005001764473498094
1984-09-17,0.0005332168416964933
1984-09-18,-0.0072244996504944314
1984-09-19,-0.004234962606181281
1984-09-20,0.003174785980267991
1984-09-21,-0.010748211850704181
1984-09-24,-0.002354073724626482
1984-09-25,0.002057093056641701
1984-09-26,0.00398504819205181
1984-09-27,0.004089535359408369
1984-09-28,-0.0051509378040779374
1984-10-01,-0.008910360818444318
1984-10-02,-0.00625682669085037
1984-10-03,-0.007029732393349364
1984-10-04,0.002954910861394433
1984-10-05,-0.0014731493730756329
1984-10-08,-0.0033807955355940056
1984-10-09,-0.00283727070877271
1984-10-10,0.0027216085012040647
1984-10-11,0.004132984803051798
1984-10-12,0.008600527749005105
1984-10-15,0.009684563696013893
1984-10-16,-0.0059721630430610295
1984-10-17,-0.0038839628255225023
1984-10-18,0.024125787307130553
1984-10-19,-0.0008328339355456738
1984-10-22,-0.0035723153103809357
1984-10-23,-0.0016133142416123736
1984-10-24,0.0006583315145278767
1984-10-25,-0.005322962953904442
1984-10-26,-0.006133150667034126
1984-10-29,-0.003085453007146577
1984-10-30,0.012501502450870117
1984-10-31,-0.00449532496081495
1984-11-01,0.008429220218810096
1984-11-02,-0.00041797911470964344
1984-11-05,0.006928704305317224
1984-11-06,0.01085539097863264
1984-11-07,-0.00727660035512212
1984-11-08,-0.002896527152968953
1984-11-09,-0.00640257658975274
1984-11-12,-0.0014320136302132802
1984-11-13,-0.008305445653556398
1984-11-14,0.00012052944697127366
1984-11-15,-0.0006024826809211126
1984-11-16,-0.01079024228536174
1984-11-19,-0.0061548429497795265
1984-11-20,0.006683404024562911
1984-11-21,0.002010000278818147
1984-11-23,0.014649588125840163
1984-11-26,-0.008207495400286757
1984-11-27,0.004469889584620912
1984-11-28,-0.007637194449136908
1984-11-29,-0.006726460923603295
1984-11-30,-0.0020133111078135535
1984-12-01,0.0
1984-12-03,-0.0046460111158384
1984-12-04,0.003439365762210267
1984-12-05,-0.007834488560671704
1984-12-06,0.004071489071375112
1984-12-07,-0.0030720079680206513
1984-12-10,0.0035129258197696966
1984-12-11,0.0014739635845062438
1984-12-12,-0.0026982426052843955
1984-12-13,-0.005042165034734092
1984-12-14,0.005438507484643029
1984-12-17,0.00565491520769168
1984-12-18,0.027504431166876175
1984-12-19,-0.005651043630914621
1984-12-20,-0.004666180678444709
1984-12-21,-0.005229056079120498
1984-12-24,0.0075524140020943875
1984-12-26,-0.0017389859419846276
1984-12-27,-0.004325110923430353
1984-12-28,0.0030768899356616863
1984-12-31,0.005894448566746702
1985-01-01,0.0
1985-01-02,-0.011181597192981396
1985-01-03,-0.004837563140773216
1985-01-04,-0.005408121825528522
1985-01-07,0.0034213883335887374
1985-01-08,-0.0015221626378379982
1985-01-09,0.007256461630320565
1985-01-10,0.018949055706499074
1985-01-11,-0.002376530819835132
1985-01-14,0.015484430873806687
1985-01-15,0.0017594455540597131
1985-01-16,0.0022247227225804522
1985-01-17,-0.0026871120235226753
1985-01-18,0.0034558168537721645
1985-01-21,0.022822719099706568
1985-01-22,0.001426696376736425
1985-01-23,0.010371594304370735
1985-01-24,-0.0033276724632564925
1985-01-25,0.0036217495633099617
1985-01-28,0.00028185955031534426
1985-01-29,0.010033815335616758
1985-01-30,0.0011720433220867577
1985-01-31,0.0013378978425813148
1985-02-01,-0.00556699867960464
1985-02-04,0.009628848310402782
1985-02-05,0.001441610745977595
1985-02-06,-0.000996666485587716
1985-02-07,0.007703900154423016
1985-02-08,0.0020349527130296696
1985-02-11,-0.00922118619055734
1985-02-12,0.00027700987911738473
1985-02-13,0.015451974870660301
1985-02-14,-0.005126819798825344
1985-02-15,-0.004440532549377929
1985-02-19,-0.0014868076177653178
1985-02-20,-0.0008272715698376398
1985-02-21,-0.005464125589995872
1985-02-22,-0.0046062590588209495
1985-02-25,-0.0007248265074157878
1985-02-26,0.010824094669708018
1985-02-27,-0.002539004579826587
1985-02-28,0.0026007744145470912
1985-03-01,0.01131473194960475
1985-03-04,-0.006385407390856912
1985-03-05,0.0009337480568216705
1985-03-06,-0.008670371882228523
1985-03-07,-0.006310542087821336
1985-03-08,-0.0022839307886263205
1985-03-11,-0.001730948111769659
1985-03-12,0.004866102179355236
1985-03-13,-0.008182128413332324
1985-03-14,-0.001964229747573598
1985-03-15,-0.007366158263435785
1985-03-18,0.0019827004244938884
1985-03-19,0.015038378165370458
1985-03-20,-0.0025620556548926476
1985-03-21,0.001507729895578569
1985-03-22,-0.0017285353043360319
1985-03-25,-0.005976274047998165
1985-03-26,0.0025846572564085513
1985-03-27,0.006220930650199019
1985-03-28,0.0
1985-03-29,0.00623822222267556
1985-04-01,0.0033765116682520357
1985-04-02,-0.004082338366648841
1985-04-03,-0.007865718598277449
1985-04-04,-0.00044666311642049816
1985-04-08,-0.005585656073386791
1985-04-09,0.0010111101264089761
1985-04-10,0.006789694234291099
1985-04-11,0.0042916301433459925
1985-04-12,0.0019423433042040639
1985-04-15,0.0021048238448211354
1985-04-16,0.0015476386365835815
1985-04-17,0.0026489830884277588
1985-04-18,-0.004623493900011599
1985-04-19,0.0014930561708066392
1985-04-22,-0.002263837782163547
1985-04-23,0.006530204507464887
1985-04-24,0.0020892325369590292
1985-04-25,0.006419391003007036
1985-04-26,-0.006814588943529043
1985-04-29,-0.00850800227952142
1985-04-30,-0.00442895991879555
1985-05-01,-0.008118816098544146
1985-05-02,0.0035880439937667763
1985-05-03,0.005977360801370679
1985-05-06,-0.0004997575354039885
1985-05-07,0.004277954276195262
1985-05-08,-0.0007745042813837033
1985-05-09,0.007197448161342157
1985-05-10,0.012972738753877389
1985-05-13,0.0017907631497757759
1985-05-14,-0.004008479988719338
1985-05-15,0.0036438689657782852
1985-05-16,0.006069201347807418
1985-05-17,0.0
1985-05-20,0.0
1985-05-21,-0.0
1985-05-22,-0.0
1985-05-23,-0.0
1985-05-24,0.0
1985-05-28,-0.0
1985-05-29,-0.0
1985-05-30,0.0
1985-05-31,0.0
1985-06-01,0.0
1985-06-03,-0.0
1985-06-04,0.0
1985-06-05,0.0
1985-06-06,0.0
1985-06-07,-0.007222887576920911
1985-06-10,-0.00089623669079264
1985-06-11,-0.002480086720102581
1985-06-12,-0.007564498130386621
1985-06-13,-0.012152863769944844
1985-06-14,0.0
1985-06-17,-0.0
1985-06-18,0.0
1985-06-19,-0.0
1985-06-20,0.0
1985-06-21,0.0
1985-06-24,-0.0
1985-06-25,0.0031192789622958017
1985-06-26,0.0016864765266448867
1985-06-27,0.006155941197382164
1985-06-28,0.003242223447308623
1985-07-01,0.0030231251176122687
1985-07-02,-0.002182602426498814
1985-07-03,-0.0029165021332980823
1985-07-05,0.005588964958343823
1985-07-08,-0.003064676831425195
1985-07-09,-0.004584951063432596
1985-07-10,0.0069091444351983
1985-07-11,0.0029630781238598747
1985-07-12,0.0018139879770804335
1985-07-15,-0.002948895883016056
1985-07-16,0.010377750038043976
1985-07-17,0.00477605109876289
1985-07-18,-0.006491127284899423
1985-07-19,0.0038584215513943754
1985-07-22,-0.003997328754054563
1985-07-23,-0.009261656780185978
1985-07-24,-0.005037658817602764
1985-07-25,0.0025054584139858616
1985-07-26,0.0017702610757708293
1985-07-29,-0.014552951568570283
1985-07-30,0.001740435451702771
1985-07-31,0.005212475813938688
1985-08-01,0.0062329900105762
1985-08-02,-0.0032793965999214914
1985-08-05,-0.004491333975039757
1985-08-06,-0.014111858725799009
1985-08-07,-0.0013302826038593674
1985-08-08,0.006766860198331726
1985-08-09,-0.0033341605408758745
1985-08-12,-0.0036639890323406643
1985-08-13,-0.0017587902918874132
1985-08-14,0.0005872963617687965
1985-08-15,-0.0008004330203412735
1985-08-16,-0.006194534002712304
1985-08-19,0.0015045608281234468
1985-08-20,0.00912113372521417
1985-08-21,0.00574224702541648
1985-08-22,-0.009515769808151942
1985-08-23,-0.0010141035481815441
1985-08-26,0.0007479798633223123
1985-08-27,0.0042176528493880205
1985-08-28,0.003880891567527911
1985-08-29,0.0005295283787372096
1985-08-30,-0.0015878251447537517
1985-09-01,0.0
1985-09-03,-0.0038170026086276065
1985-09-04,-0.002873761558181309
1985-09-05,-0.0005336545195724351
1985-09-06,0.005179693483062353
1985-09-09,5.3094488654314986e-05
1985-09-10,-0.007171347163429598
1985-09-11,-0.010005324656260917
1985-09-12,-0.007242049109501214
1985-09-13,-0.0042462777991724154
1985-09-16,-0.00016400841231345442
1985-09-17,-0.008311484207554232
1985-09-18,0.0019298969030530078
1985-09-19,0.009245460424349039
1985-09-20,-0.007306812488959813
1985-09-23,0.012359241759311024
1985-09-24,-0.009115615337773497
1985-09-25,-0.010732622426259497
1985-09-26,0.003487156045904438
1985-09-27,0.0
1985-09-30,0.0043577062947703915
1985-10-01,0.016421383255138533
1985-10-02,-0.005457447050594144
1985-10-03,0.0016299198942579807
1985-10-04,-0.006183550585128539
1985-10-07,-0.007368224508903065
1985-10-08,0.0
1985-10-09,0.0035740318509087654
1985-10-10,0.0014244712949262883
1985-10-11,0.00820658720876355
1985-10-14,0.01134141714638126
1985-10-15,-0.0015560084441192945
1985-10-16,0.010210629179858932
1985-10-17,-0.0017022665852886032
1985-10-18,-0.003303902610451437
1985-10-21,-0.00042764422121888135
1985-10-22,0.005776564684865981
1985-10-23,0.005583934743924823
1985-10-24,-0.0031201880021000106
1985-10-25,-0.0051989163264671845
1985-10-28,0.0012798113742911177
1985-10-29,0.007829150318011902
1985-10-30,0.004439103818874246
1985-10-31,-0.0013153048369886067
1985-11-01,0.009008489037498624
1985-11-04,-0.0014619056079018256
1985-11-05,0.005856183619280975
1985-11-06,0.0020273400194810165
1985-11-07,-0.0007262886160928073
1985-11-08,0.005710757612917616
1985-11-11,0.018377026306839017
1985-11-12,0.004055165534813332
1985-11-13,-0.004947474346122638
1985-11-14,0.00994414710494107
1985-11-15,-0.004772415150676168
1985-11-18,0.0030286512627686335
1985-11-19,-0.00020134136968497085
1985-11-20,0.001610748110777216
1985-11-21,0.012161405609029119
1985-11-22,0.0005461526654659821
1985-11-25,-0.005805866138050675
1985-11-26,0.0015971652392381408
1985-11-27,0.009318757832514457
1985-11-29,-0.0018267755971770328
1985-12-01,0.0
1985-12-02,-0.008458186034354886
1985-12-03,0.001995380041343253
1985-12-04,0.016777830862028997
1985-12-05,-0.0017137093083695598
1985-12-06,-0.004365309830946851
1985-12-09,0.006207175096009099
1985-12-10,0.0006854315282665002
1985-12-11,0.00939379702861598
1985-12-12,0.0020357625607845264
1985-12-13,0.01552753243461491
1985-12-16,0.00990760125210155
1985-12-17,-0.0064617033693481485
1985-12-18,-0.003987639982099389
1985-12-19,0.0010009375926356423
1985-12-20,0.004380526379533789
1985-12-23,-0.011235399117082268
1985-12-24,-0.006856249145867799
1985-12-26,0.002462076413723313
1985-12-27,0.009438992398161483
1985-12-30,0.005104680417508778
1985-12-31,0.0028479500872158336
1986-01-01,0.0
1986-01-02,-0.007998875668167815
1986-01-03,0.0061549146784762865
1986-01-06,-0.0010907197505801713
1986-01-07,0.014953758587913368
1986-01-08,-0.027268483385584075
1986-01-09,-0.008943600516584493
1986-01-10,-0.0007277371114463582
1986-01-13,0.0036900101090584503
1986-01-14,-0.0003870057593956533
1986-01-15,0.00783969764795045
1986-01-16,0.004369555776971401
1986-01-17,-0.0035378185191088374
1986-01-20,-0.0043179673180929745
1986-01-21,-0.008384356494959166
1986-01-22,-0.011176383050709449
1986-01-23,0.0037348001686572374
1986-01-24,0.010673158755355017
1986-01-27,0.004650519536543163
1986-01-28,0.011668827696935224
1986-01-29,0.002287763848836777
1986-01-30,-0.0045650838638428
1986-01-31,0.01170399334453509
1986-02-01,0.0
1986-02-03,0.01029373853591431
1986-02-04,-0.005468374420547928
1986-02-05,0.0007989728516311079
1986-02-06,0.002394790058027896
1986-02-07,0.005106086717841407
1986-02-10,0.007830014698390064
1986-02-11,-0.0014798710510987023
1986-02-12,0.00023158138283552177
1986-02-13,0.006621256043425783
1986-02-14,0.01085556888964434
1986-02-18,0.012240637552994649
1986-02-19,-0.012092616220768626
1986-02-20,0.01119406068146156
1986-02-21,0.010800080475657836
1986-02-24,-0.0012465443210022409
1986-02-25,-0.002451649553071311
1986-02-26,0.0011171187608927102
1986-02-27,0.012185373451790271
1986-02-28,0.0006614362290355835
1986-03-01,0.0
1986-03-03,-0.0066102591754968465
1986-03-04,-0.004613580403604489
1986-03-05,-0.00017830708642141424
1986-03-06,0.0035214788170541134
1986-03-07,0.001954437133492304
1986-03-10,0.0044775212751766436
1986-03-11,0.022552743265320307
1986-03-12,0.0036686556854843566
1986-03-13,0.0027952574784571027
1986-03-14,0.014408853617966955
1986-03-17,-0.007947600332100402
1986-03-18,0.004730049086003829
1986-03-19,-0.0007633924705789941
1986-03-20,0.003989758736271831
1986-03-21,-0.013528354777499585
1986-03-24,0.008528351437369519
1986-03-25,-0.0025921072774626186
1986-03-26,0.010991827784751829
1986-03-27,0.007037497460887332
1986-03-31,-0.0002929544455837485
1986-04-01,-0.015738780254909268
1986-04-02,0.0024241189321183576
1986-04-03,-0.01374572738058244
1986-04-04,-0.016260157265230113
1986-04-07,-0.0002623532203124279
1986-04-08,0.021388266129613642
1986-04-09,0.00098490803070872
1986-04-10,0.011508031834893018
1986-04-11,-0.0019878244622315577
1986-04-14,0.005551542788561958
1986-04-15,0.001896480742402451
1986-04-16,0.01888699606216293
1986-04-17,0.0033440572806193725
1986-04-18,-0.002674541825079979
1986-04-21,0.00973677928380523
1986-04-22,-0.0094794772907838
1986-04-23,-0.002763790834114155
1986-04-24,0.0011168739295177588
1986-04-25,0.001115564866150276
1986-04-28,0.0032605908903093894
1986-04-29,-0.010572681030358688
1986-04-30,-0.02074753793332762
1986-05-01,-0.001528535172473533
1986-05-02,-0.001573440934744208
1986-05-05,0.01252183877284474
1986-05-06,-0.002061120780637915
1986-05-07,-0.004889578634505676
1986-05-08,0.0044476577584458
1986-05-09,0.003036314282787389
1986-05-12,-0.0011351871580084216
1986-05-13,-0.004924649212593724
1986-05-14,0.004779787684612957
1986-05-15,-0.013092534723638583
1986-05-16,-0.007123654059294937
1986-05-19,0.0018903697017973453
1986-05-20,0.012478575043700424
1986-05-21,-0.0027953227749915044
1986-05-22,0.019834352216924866
1986-05-23,0.005122484638265368
1986-05-27,0.014087399256274002
1986-05-28,0.007681327406792615
1986-05-29,0.005473749414099061
1986-05-30,-0.002540485663672709
1986-06-01,0.0
1986-06-02,-0.00933904491765436
1986-06-03,0.0019180592294347765
1986-06-04,-0.006394819357897763
1986-06-05,0.007009885373305602
1986-06-06,8.143404420102307e-05
1986-06-09,-0.023242526550398712
1986-06-10,-0.0015836175703463073
1986-06-11,0.006469667918488575
1986-06-12,0.0014929730977548683
1986-06-13,0.017557622004754192
1986-06-16,0.0016278401588261104
1986-06-17,-0.00723194549215711
1986-06-18,0.0026191912161332986
1986-06-19,-0.0037961056113215985
1986-06-20,0.014422700596872007
1986-06-23,-0.009370737971808762
1986-06-24,0.0072168486997645775
1986-06-25,0.007691348847804758
1986-06-26,-0.0007632153143740661
1986-06-27,0.0034574278015573334
1986-06-30,0.004967909471367271
1986-07-01,0.004783913912300264
1986-07-02,0.0026186465628099675
1986-07-03,-0.0036011225686550796
1986-07-07,-0.030739864334399125
1986-07-08,-0.01007992904366184
1986-07-09,0.005091315886307735
1986-07-10,0.000782419804326473
1986-07-11,-0.003250867470434793
1986-07-14,-0.016968048012710013
1986-07-15,-0.018688828427346316
1986-07-16,0.005777586337278207
1986-07-17,0.004510501009147516
1986-07-18,0.0012284207105333067
1986-07-21,-0.0005076794587817179
1986-07-22,0.008211933362291202
1986-07-23,0.002057290739071682
1986-07-24,-0.0030167227813587827
1986-07-25,0.009539837367405823
1986-07-28,-0.01752562939169755
1986-07-29,-0.00618614248997762
1986-07-30,0.008697477124665287
1986-07-31,-0.0019865642164847985
1986-08-01,-0.005124476876588124
1986-08-04,0.0045975131506452716
1986-08-05,0.004406937844505299
1986-08-06,-0.0008015966012098197
1986-08-07,0.0008444390784267952
1986-08-08,-0.0006749426588414931
1986-08-11,0.016041825880781513
1986-08-12,0.011052034830716595
1986-08-13,0.009575087803565863
1986-08-14,0.0023608980965426074
1986-08-15,0.0036547975491751927
1986-08-18,0.0009306534169872815
1986-08-19,-0.003516898531830459
1986-08-20,0.013224655544481712
1986-08-21,-0.0004003927685669595
1986-08-22,0.0020827663566891363
1986-08-25,-0.009512789718165826
1986-08-26,0.0202978040791415
1986-08-27,0.0018193589642852004
1986-08-28,-0.0018160549085077804
1986-08-29,0.00035594185727783056
1986-09-01,0.0
1986-09-02,-0.017435608789082013
1986-09-03,0.00627715086019176
1986-09-04,0.014995201425715532
1986-09-05,-0.013237208313097382
1986-09-08,-0.009302518543933713
1986-09-09,-0.001894096968885317
1986-09-10,-0.0024629572207428563
1986-09-11,-0.04808550554605662
1986-09-12,-0.01917677798831041
1986-09-15,0.005505719350336946
1986-09-16,-0.0009485264222962586
1986-09-17,-0.0001726590053129362
1986-09-18,0.0027192891174427913
1986-09-19,-0.00043041989487058174
1986-09-22,0.011713474369197563
1986-09-23,0.0031498979110142766
1986-09-24,0.0025883676967413116
1986-09-25,-0.018833574450788815
1986-09-26,0.0017253758932196384
1986-09-29,-0.00999006204242281
1986-09-30,0.006132850418208102
1986-10-01,0.009856470288370778
1986-10-02,0.0013698290114252387
1986-10-03,-0.0008977062958356319
1986-10-06,0.004578289481372844
1986-10-07,-0.001575922647206851
1986-10-08,0.009683840186888837
1986-10-09,-0.0035067880596167944
1986-10-10,-0.0015688376781901603
1986-10-13,0.0018260911430789672
1986-10-14,-0.002289044705773957
1986-10-15,0.014572834285281555
1986-10-16,0.0030569334933419068
1986-10-17,-0.0028806514629594604
1986-10-20,-0.012016392401577813
1986-10-21,-0.0003813888944571575
1986-10-22,0.0016109446165741836
1986-10-23,0.012782546104620263
1986-10-24,-0.004262806242329331
1986-10-27,0.0021405597976305035
1986-10-28,0.002052143173796095
1986-10-29,0.007021683411943425
1986-10-30,0.011496655783153287
1986-10-31,0.001107829002642724
1986-11-01,0.0
1986-11-03,0.007459657988728052
1986-11-04,0.001627314448812811
1986-11-05,0.0015434804529765866
1986-11-06,-0.0028794172625307146
1986-11-07,-0.0004066817696843916
1986-11-10,0.001464786605742452
1986-11-11,0.0038597364376378174
1986-11-12,-0.0
1986-11-13,-0.014677242645741884
1986-11-14,0.006090016054315361
1986-11-17,-0.0052760461600523945
1986-11-18,-0.02643808954018545
1986-11-19,0.003716550753227965
1986-11-20,0.018471763536155983
1986-11-21,0.015740539188421554
1986-11-24,0.006467080183614415
1986-11-25,0.0029096836919892954
1986-11-26,0.002417722157966651
1986-11-28,0.0018088874884985007
1986-12-01,-0.0006821208896262698
1986-12-02,0.01987551450546854
1986-12-03,-0.0005905271515133093
1986-12-04,-0.003190911159767773
1986-12-05,-0.007390116846363259
1986-12-08,-3.979180200186505e-05
1986-12-09,-0.007485287686735731
1986-12-10,0.006739441362312082
1986-12-11,-0.011117343282919578
1986-12-12,-0.0033041546983106906
1986-12-15,0.0
1986-12-16,0.0
1986-12-17,-0.0
1986-12-18,-0.0
1986-12-19,0.0
1986-12-22,-0.0
1986-12-23,-0.0
1986-12-24,0.0
1986-12-26,0.0
1986-12-29,-0.0
1986-12-30,-0.005313291623356919
1986-12-31,-0.00493075141684729
1987-01-01,0.0
1987-01-02,0.0176735302129003
1987-01-05,0.023290750920031522
1987-01-06,0.0
1987-01-07,0.0
1987-01-08,0.0
1987-01-09,0.0
1987-01-12,0.0
1987-01-13,-0.0
1987-01-14,0.0
1987-01-15,0.0
1987-01-16,0.0029756622621608386
1987-01-19,0.011491653795334456
1987-01-20,-0.0011137885091243582
1987-01-21,-0.004460348531511782
1987-01-22,0.022662811406856553
1987-01-23,-0.013909669262367252
1987-01-26,-0.0018142196996667748
1987-01-27,0.015355568685778032
1987-01-28,0.006027374964326482
1987-01-29,-0.004212068583216433
1987-01-30,-0.0005834439462043539
1987-02-01,0.0
1987-02-02,0.008647204286624355
1987-02-03,-0.001664033106686058
1987-02-04,0.013225205779973548
1987-02-05,0.005435520433593188
1987-02-06,-0.003983479522690181
1987-02-09,-0.006713343898898327
1987-02-10,-0.011108701097243823
1987-02-11,0.008979536681335887
1987-02-12,-0.006917969909277399
1987-02-13,0.01480305189073472
1987-02-17,0.020700671343046206
1987-02-18,-0.0002451112439465497
1987-02-19,0.00052551989849281
1987-02-20,-0.00031514632343176974
1987-02-23,-0.010858925263471764
1987-02-24,0.0017706636141163745
1987-02-25,0.0039592586886849634
1987-02-26,-0.0036620019187389996
1987-02-27,0.004382318311421107
1987-03-01,0.0
1987-03-02,-0.004222421377508834
1987-03-03,0.003957579919390497
1987-03-04,0.01583837842227176
1987-03-05,0.006583029341792335
1987-03-06,0.00048194497360709576
1987-03-09,-0.00811950677563511
1987-03-10,0.008879631172347136
1987-03-11,-0.0018909022232947992
1987-03-12,0.0031345929170962794
1987-03-13,-0.004566947897434059
1987-03-16,-0.005726322323045596
1987-03-17,0.0147104398319442
1987-03-18,0.0010599294194273412
1987-03-19,0.004440152327306768
1987-03-20,0.013907872151183165
1987-03-23,0.010027803265668211
1987-03-24,0.001593873623625841
1987-03-25,-0.004177197004494038
1987-03-26,0.0018309733804795503
1987-03-27,-0.01595051310867579
1987-03-30,-0.02340185918858051
1987-03-31,0.008644536287952587
1987-04-01,0.0023311369466061382
1987-04-02,0.004275258154198935
1987-04-03,0.023090279149103887
1987-04-06,0.005126355734325072
1987-04-07,-0.017420134303616108
1987-04-08,0.0019212218798350111
1987-04-09,-0.014801938604293574
1987-04-10,-0.0012633856986072889
1987-04-13,-0.02348796658539498
1987-04-14,-0.022617434232598654
1987-04-15,0.018913879889784324
1987-04-16,0.008683733650339587
1987-04-20,-0.0028580645977909214
1987-04-21,0.02439795545344503
1987-04-22,-0.020063482225622487
1987-04-23,-0.0012883286815076334
1987-04-24,-0.01847855161845724
1987-04-27,0.0011011564744651814
1987-04-28,0.002412884454312758
1987-04-29,0.007291768388322906
1987-04-30,0.013318262395185299
1987-05-01,-0.0011443563220580044
1987-05-04,0.0046175279585538576
1987-05-05,0.020666337050931904
1987-05-06,0.0004401871890855613
1987-05-07,-0.002572206188395154
1987-05-08,-0.004546830364571708
1987-05-11,-0.006135555179219154
1987-05-12,0.0059333279325479715
1987-05-13,0.002318524451625281
1987-05-14,0.0008843432829823694
1987-05-15,-0.02314436441208856
1987-05-18,-0.002713700028433408
1987-05-19,-0.02452467793121793
1987-05-20,-0.005042570941746982
1987-05-21,0.007045117116049937
1987-05-22,0.00710279522789925
1987-05-26,0.024631349586229145
1987-05-27,-0.0013142900089470055
1987-05-28,0.007030785516068061
1987-05-29,-0.0022699258492988594
1987-06-01,-0.0009307808533918216
1987-06-02,-0.0
1987-06-03,0.0
1987-06-04,0.0
1987-06-05,-0.0
1987-06-08,0.0
1987-06-09,0.0
1987-06-10,0.0006391363098305902
1987-06-11,0.004235754060760488
1987-06-12,0.009674234340625532
1987-06-15,0.0050395184532094905
1987-06-16,0.005344049082620428
1987-06-17,0.0001640234655695405
1987-06-18,0.002887060430632138
1987-06-19,0.0041872444930293184
1987-06-22,0.008730470942189594
1987-06-23,-0.003939936201358241
1987-06-24,-0.005090319882960048
1987-06-25,0.006843531916061574
1987-06-26,-0.005825957543860394
1987-06-29,0.00240913603839199
1987-06-30,-0.012666430574193366
1987-07-01,-0.0034868340743215986
1987-07-02,0.008879654122028846
1987-07-06,-0.0023230423837160563
1987-07-07,0.008133216448705571
1987-07-08,0.002895298198142493
1987-07-09,-0.002497711602410857
1987-07-10,0.0027640678130937957
1987-07-13,-0.002399682997996533
1987-07-14,0.009914467849553965
1987-07-15,-0.0008368071783695363
1987-07-16,0.00734488332153771
1987-07-17,0.006044080770959637
1987-07-20,-0.010171911779470966
1987-07-21,-0.009120481460123786
1987-07-22,-0.0002592337560528568
1987-07-23,-0.0021396040441454822
1987-07-24,0.00474315800870051
1987-07-27,0.004462136423949881
1987-07-28,0.005407991980650229
1987-07-29,0.01062980650899048
1987-07-30,0.007603338960530559
1987-07-31,0.0019179873999481956
1987-08-01,0.0
1987-08-03,-0.0034205621206431225
1987-08-04,-0.00421953051921109
1987-08-05,0.007020210427779672
1987-08-06,0.011430315563916382
1987-08-07,0.0028253086791143467
1987-08-10,0.015479876160990669
1987-08-11,0.0162499590617855
1987-08-12,-0.002819944084521575
1987-08-13,0.006799179122264576
1987-08-14,-0.0019722207504762057
1987-08-17,0.00035927758524523234
1987-08-18,-0.014546064363950784
1987-08-19,0.0017615385642084647
1987-08-20,0.015189673375944901
1987-08-21,0.0031656838196953974
1987-08-24,-0.007651108576711585
1987-08-25,0.010320110941055338
1987-08-26,-0.006532594237082745
1987-08-27,-0.009534633623972555
1987-08-28,-0.013096735692986083
1987-08-31,0.008439270963594536
1987-09-01,-0.01940568263605258
1987-09-02,-0.00531849490774472
1987-09-03,-0.004569762665298072
1987-09-04,-0.010961491963748737
1987-09-08,-0.009914791687424485
1987-09-09,0.0011481562442394733
1987-09-10,0.010225507510743803
1987-09-11,0.015293431806642888
1987-09-14,0.003416285323327717
1987-09-15,-0.01652840336705963
1987-09-16,-0.009064030249035127
1987-09-17,0.00022234430374057368
1987-09-18,-0.0002222948777407252
1987-09-21,-0.01372031063844803
1987-09-22,0.02885293749124762
1987-09-23,0.005289522508313826
1987-09-24,-0.004576734050031006
1987-09-25,0.0013762118094780007
1987-09-28,0.009495278954738673
1987-09-29,-0.004672059741933854
1987-09-30,0.0004351522577543676
1987-10-01,0.01708976860291722
1987-10-02,0.0022607789762938424
1987-10-05,3.041804439329887e-05
1987-10-06,-0.027005564844507557
1987-10-07,-0.0021301693915823927
1987-10-08,-0.013750250409109377
1987-10-09,-0.009835740711328866
1987-10-12,-0.005400689993330765
1987-10-13,0.01658093061297916
1987-10-14,-0.029537003535059614
1987-10-15,-0.023425037370859214
1987-10-16,-0.05159680306650072
1987-10-19,-0.20466930799694372
1987-10-20,0.05332683547612871
1987-10-21,0.09099355185214564
1987-10-22,-0.03920583904086128
1987-10-23,-0.0001208410042170538
1987-10-26,-0.08278947284947402
1987-10-27,0.024245637619607407
1987-10-28,0.0
1987-10-29,0.0
1987-10-30,0.0
1987-11-01,0.0
1987-11-02,0.01572741895809604
1987-11-03,-0.019276608702957
1987-11-04,-0.007415678797693559
1987-11-05,0.022172191777035444
1987-11-06,-0.015993367391389235
1987-11-09,-0.02891260487713332
1987-11-10,-0.017148489535490086
1987-11-11,0.012133865675666877
1987-11-12,0.0
1987-11-13,-0.0
1987-11-16,0.0
1987-11-17,-0.015075382166942264
1987-11-18,0.010327558570452755
1987-11-19,-0.0
1987-11-20,0.0
1987-11-23,0.0
1987-11-24,0.0
1987-11-25,-0.0
1987-11-27,-0.0
1987-11-30,-0.0
1987-12-01,0.0
1987-12-02,0.006249986845871414
1987-12-03,-0.03529659602523738
1987-12-04,-0.005728024983192026
1987-12-07,0.0216148462730823
1987-12-08,0.0268841113085867
1987-12-09,0.016942640438862844
1987-12-10,-0.02226963070460042
1987-12-11,0.0074924003301966025
1987-12-14,0.029194266969923
1987-12-15,0.0025599533875784175
1987-12-16,0.021704230984925577
1987-12-17,-0.0205579090046476
1987-12-18,0.02543422521704275
1987-12-21,0.0015250827517996335
1987-12-22,0.0016430378822653857
1987-12-23,0.012842595531344925
1987-12-24,-0.004463599567334109
1987-12-28,-0.02563183544168146
1987-12-29,-0.003990760097320245
1987-12-30,0.013369329577745948
1987-12-31,-0.0031469328547411024
1988-01-01,0.0
1988-01-04,0.03585883335232354
1988-01-05,0.010510285284622833
1988-01-06,0.0010053348827132602
1988-01-07,0.008420535951305874
1988-01-08,-0.0676830464320256
1988-01-11,0.016803663513726752
1988-01-12,-0.008364003710347512
1988-01-13,0.0015891100666538538
1988-01-14,0.00028480259108287775
1988-01-15,0.025093533619726216
1988-01-18,-0.000674462078504301
1988-01-19,-0.010163560064185284
1988-01-20,-0.026832994725154546
1988-01-21,0.0021019432740079225
1988-01-22,0.013819201360476097
1988-01-25,0.02300202096935222
1988-01-26,-0.010310468587086508
1988-01-27,-0.0007613192123659962
1988-01-28,0.015678836822373476
1988-01-29,0.014923661172100866
1988-02-01,-0.00789673622067344
1988-02-02,0.0020781604926225494
1988-02-03,-0.013147085002384595
1988-02-04,0.0
1988-02-05,-0.004956187172296178
1988-02-08,-0.00741154192138771
1988-02-09,0.010517844451993774
1988-02-10,0.019624989740385956
1988-02-11,-0.002766331737460326
1988-02-12,0.006563813067401725
1988-02-16,0.008539306943124991
1988-02-17,-0.0023861569073170275
1988-02-18,-0.005015191681737474
1988-02-19,0.01434601852164108
1988-02-22,0.015404722764917667
1988-02-23,-0.0023340822186981303
1988-02-24,-0.002226233349742479
1988-02-25,-0.010777923013483681
1988-02-26,0.0033641904120573773
1988-02-29,0.020422220695141657
1988-03-01,-0.0022403333847619278
1988-03-02,0.0028441350278913813
1988-03-03,-0.0003731849369941198
1988-03-04,-0.0021652123311610705
1988-03-07,0.000299353136917091
1988-03-08,0.007666945005357473
1988-03-09,-0.0013732514094402237
1988-03-10,-0.019400881840736517
1988-03-11,0.004169216641842555
1988-03-14,0.005397420784343465
1988-03-15,-0.000900965719766611
1988-03-16,0.00946901502061559
1988-03-17,0.009566377750259702
1988-03-18,-0.0003687268751032535
1988-03-21,-0.008778418876054461
1988-03-22,0.0003721295942162861
1988-03-23,0.00026040516728298435
1988-03-24,-0.020676053262711602
1988-03-25,-0.018378569302133108
1988-03-28,-0.0017407921938467075
1988-03-29,0.007788924221657556
1988-03-30,-0.007690237027242697
1988-03-31,0.0031774607701255952
1988-04-01,0.0
1988-04-04,-0.010815474340905684
1988-04-05,0.009449855372489324
1988-04-06,0.027000813140962476
1988-04-07,0.0025236862118338532
1988-04-08,0.012285801655695483
1988-04-11,0.002709464447807619
1988-04-12,0.004478795671736258
1988-04-13,0.000773819725306879
1988-04-14,-0.043559861393239085
1988-04-15,7.695481683112071e-05
1988-04-18,-0.0021557438590963374
1988-04-19,-0.00497657524736006
1988-04-20,-0.006940169245235439
1988-04-21,0.0011322708757006694
1988-04-22,0.014507452717810176
1988-04-25,0.009110459689911199
1988-04-26,0.005409252437360568
1988-04-27,-0.0004925733581639946
1988-04-28,-0.004511002640152362
1988-04-29,-0.004874143599617131
1988-05-01,0.0
1988-05-02,0.0008801553520323413
1988-05-03,0.005505438350081215
1988-05-04,-0.010190086219700523
1988-05-05,-0.005877376829477865
1988-05-06,-0.0050620097968981925
1988-05-09,-0.0036507783179182685
1988-05-10,0.004209817323977072
1988-05-11,-0.016730058381660973
1988-05-12,0.0021318090487012498
1988-05-13,0.011542220229793676
1988-05-16,0.007516133207244424
1988-05-17,-0.012832871458720474
1988-05-18,-0.01581891732561147
1988-05-19,0.004853794275225365
1988-05-20,0.0017816721510584
1988-05-23,-0.008655451760438582
1988-05-24,0.01068449809120664
1988-05-25,0.00098615441369998
1988-05-26,0.0034284772809336506
1988-05-27,-0.00475201936403391
1988-05-31,0.03448822333009982
1988-06-01,0.017279519057130655
1988-06-02,-0.005099613246429935
1988-06-03,0.004221255385548295
1988-06-06,0.002251737881217686
1988-06-07,-0.007039784501663537
1988-06-08,0.02394680870530652
1988-06-09,-0.0048614351062534755
1988-06-10,0.003923010772410862
1988-06-13,0.0006266419819977997
1988-06-14,0.010573610855951543
1988-06-15,0.0005469355477176752
1988-06-16,-0.017052370141011353
1988-06-17,0.003373257586718692
1988-06-20,-0.006428218861595503
1988-06-21,0.010151003798413827
1988-06-22,0.014686899684040133
1988-06-23,-0.0030472187721518607
1988-06-24,-0.0037843261669625594
1988-06-27,-0.01724012433979183
1988-06-28,0.012079090275366022
1988-06-29,-0.0048840901332660724
1988-06-30,0.009299538384766715
1988-07-01,-0.006288852726519689
1988-07-05,0.014828165418344419
1988-07-06,-0.013741374781444327
1988-07-07,-0.0008822522022928769
1988-07-08,-0.006475861996946497
1988-07-11,0.0019628131281423933
1988-07-12,-0.009979603811770321
1988-07-13,0.00548815078292364
1988-07-14,0.003490280765790388
1988-07-15,0.006623170142323609
1988-07-18,-0.005660643618612071
1988-07-19,-0.007541342173213339
1988-07-20,0.005698956204939654
1988-07-21,-0.01237035680700227
1988-07-22,-0.011850309827916572
1988-07-25,0.004478150572224893
1988-07-26,0.0019268920195631978
1988-07-27,-0.01014367968868135
1988-07-28,0.013409481956845326
1988-07-29,0.02255469606718785
1988-08-01,0.0006984870563930823
1988-08-02,-0.0005510227441785087
1988-08-03,0.0033816563845856518
1988-08-04,-0.0038465025580186607
1988-08-05,-0.0028683808344261985
1988-08-08,-0.004314891891913142
1988-08-09,-0.012926959811590866
1988-08-10,-0.01722389773009403
1988-08-11,0.0032455369351844787
1988-08-12,-0.0007612262874643339
1988-08-15,-0.014701906421744959
1988-08-16,0.007228710423824891
1988-08-17,0.0008059236146980009
1988-08-18,0.0009970846975468906
1988-08-19,-0.0030265048025757135
1988-08-22,-0.012526818976249188
1988-08-23,0.0004279918548542039
1988-08-24,0.01571437474218995
1988-08-25,-0.0074675915083231015
1988-08-26,0.0019291612552265747
1988-08-29,0.0102048443131042
1988-08-30,0.0006862471031681139
1988-08-31,-0.0037713638151819495
1988-09-01,-0.012121379027706047
1988-09-02,0.023727519790947227
1988-09-06,0.004196859140405351
1988-09-07,0.0010542519792073879
1988-09-08,3.764909846482034e-05
1988-09-09,0.003610619217121025
1988-09-12,-0.0013865804312146457
1988-09-13,0.0036026248758973534
1988-09-14,0.007029895427966171
1988-09-15,-0.004381540553556773
1988-09-16,0.009398384991538888
1988-09-19,-0.006761450631938781
1988-09-20,0.003385178324959437
1988-09-21,0.0015941595605504233
1988-09-22,-0.003627520628678327
1988-09-23,0.002154755574803602
1988-09-26,-0.003262176938594652
1988-09-27,-0.002305843149094433
1988-09-28,0.003056649432604752
1988-09-29,0.013044484691477898
1988-09-30,-0.0024945621076217783
1988-10-01,0.0
1988-10-03,-0.0019491698435467608
1988-10-04,-0.002800537076978804
1988-10-05,0.004582034796941192
1988-10-06,0.0019496407174066643
1988-10-07,0.020852426191584783
1988-10-10,0.0006112953777070995
1988-10-11,-0.0011141373255966203
1988-10-12,-0.01421214620064759
1988-10-13,0.004525841976248612
1988-10-14,0.0010173634839583112
1988-10-17,0.003303098592048581
1988-10-18,0.010744912200550294
1988-10-19,-0.008626256782836905
1988-10-20,0.021338064180459693
1988-10-21,0.0027573485783132234
1988-10-24,-0.004864996351252704
1988-10-25,0.00035427980709967777
1988-10-26,-0.003541327228232749
1988-10-27,-0.01457106415654219
1988-10-28,0.0045080784964766085
1988-10-31,0.0015797308847687042
1988-11-01,0.0003226022063189671
1988-11-02,0.0
1988-11-03,0.0005017367220756519
1988-11-04,-0.010351054878516619
1988-11-07,-0.008613531554564235
1988-11-08,0.004453697124531697
1988-11-09,-0.006614600634530454
1988-11-10,0.0013171473560418256
1988-11-11,-0.021082206007532744
1988-11-14,-0.0007465370148064254
1988-11-15,0.0023158341340225874
1988-11-16,-0.01684426129297678
1988-11-17,0.0029565565826792373
1988-11-18,0.00706725273640374
1988-11-21,-0.000938191912240538
1988-11-22,0.00371869217127041
1988-11-23,0.0066988832834224965
1988-11-25,-0.00657988480918914
1988-11-28,0.005276367189841924
1988-11-29,0.008449928863511147
1988-11-30,0.010298654561319509
1988-12-01,-0.0044209788771985
1988-12-02,-0.002495477632761367
1988-12-05,0.011478588518492261
1988-12-06,0.009675203626278162
1988-12-07,0.0019453458411540225
1988-12-08,-0.005537009736043208
1988-12-09,0.0015908111183773332
1988-12-12,-0.0018409911124148692
1988-12-13,-0.0007594078671387949
1988-12-14,-0.0036191234802784855
1988-12-15,-0.00374123275010263
1988-12-16,0.007328313309649559
1988-12-19,0.009482771856230698
1988-12-20,-0.005162964477784637
1988-12-21,-0.0003243461905599876
1988-12-22,-0.0018386680966440139
1988-12-23,0.003611803437121308
1988-12-27,-0.0037427882218202813
1988-12-28,0.0009030813572457053
1988-12-29,0.008373059898404644
1988-12-30,-0.006012858670296439
1989-01-01,0.0
1989-01-03,-0.0
1989-01-04,0.0
1989-01-05,0.0
1989-01-06,0.0
1989-01-09,0.0
1989-01-10,-0.0
1989-01-11,0.0
1989-01-12,0.0
1989-01-13,0.0
1989-01-16,0.0
1989-01-17,-0.0
1989-01-18,0.0
1989-01-19,0.0
1989-01-20,-0.0
1989-01-23,-0.0
1989-01-24,0.0
1989-01-25,0.0
1989-01-26,0.0
1989-01-27,0.0
1989-01-30,0.0
1989-01-31,0.0
1989-02-01,-0.0
1989-02-02,-0.0
1989-02-03,0.0
1989-02-06,-0.0
1989-02-07,0.0
1989-02-08,-0.0
1989-02-09,-0.0
1989-02-10,-0.0
1989-02-13,0.0
1989-02-14,-0.0
1989-02-15,0.0
1989-02-16,0.0
1989-02-17,0.0
1989-02-21,-0.0
1989-02-22,-0.0
1989-02-23,0.0
1989-02-24,-0.0
1989-02-27,0.0
1989-02-28,0.0
1989-03-01,-0.006058298444729604
1989-03-02,0.0
1989-03-03,0.0
1989-03-06,0.0
1989-03-07,-0.0
1989-03-08,0.0
1989-03-09,-0.0
1989-03-10,-0.0
1989-03-13,0.0
1989-03-14,-0.0
1989-03-15,0.0
1989-03-16,0.0
1989-03-17,-0.0
1989-03-20,-0.009463900340177855
1989-03-21,0.004863317740162465
1989-03-22,-0.0
1989-03-23,-0.0
1989-03-27,0.0
1989-03-28,0.0
1989-03-29,0.0
1989-03-30,0.0
1989-03-31,0.008033659892574985
1989-04-01,0.0
1989-04-03,0.005154880308001264
1989-04-04,-0.003643905113081547
1989-04-05,0.0031492082336179728
1989-04-06,-0.003206797599140887
1989-04-07,0.006332740909190004
1989-04-10,-0.0001683211398925133
1989-04-11,0.004644761034132028
1989-04-12,0.0
1989-04-13,-0.0
1989-04-14,0.01673411456550289
1989-04-17,0.0
1989-04-18,0.0
1989-04-19,0.0
1989-04-20,-0.0
1989-04-21,0.0
1989-04-24,-0.0
1989-04-25,-0.0
1989-04-26,0.0
1989-04-27,0.0
1989-04-28,0.0
1989-05-01,-0.0
1989-05-02,-0.0
1989-05-03,0.0
1989-05-04,-0.0
1989-05-05,-0.0
1989-05-08,-0.0
1989-05-09,-0.0
1989-05-10,0.0
1989-05-11,0.0
1989-05-12,0.0
1989-05-15,0.0
1989-05-16,-0.0
1989-05-17,0.0
1989-05-18,0.0
1989-05-19,0.0
1989-05-22,0.0
1989-05-23,-0.0
1989-05-24,0.0
1989-05-25,0.0
1989-05-26,0.0
1989-05-30,-0.0
1989-05-31,0.0
1989-06-01,0.0
1989-06-02,0.0
1989-06-05,-0.010721277808314333
1989-06-06,0.006862688145375939
1989-06-07,0.008358074433376661
1989-06-08,-0.0006117516426474845
1989-06-09,-0.00018361915407416607
1989-06-12,-0.0013774899864343881
1989-06-13,-0.00714194041813121
1989-06-14,-0.00024703494470401655
1989-06-15,-0.011580150558920366
1989-06-16,0.003967819246840865
1989-06-19,0.0016804373258605398
1989-06-20,-0.0019883022750379897
1989-06-21,-0.002396852960846352
1989-06-22,0.0057413762943521185
1989-06-23,0.0176222156450494
1989-06-26,-0.004268274074647471
1989-06-27,0.00563379149878962
1989-06-28,-0.00800756565358296
1989-06-29,-0.018814661700827906
1989-06-30,-0.005317760661916804
1989-07-01,0.0
1989-07-03,0.003931064711026
1989-07-05,0.004416889432647286
1989-07-06,0.0028379899668136144
1989-07-07,0.010449435536299845
1989-07-10,0.0066480060255567075
1989-07-11,0.005228212360612661
1989-07-12,0.0031327902643745187
1989-07-13,0.00042453124366748085
1989-07-14,0.005728092319855715
1989-07-17,0.0018081187021972145
1989-07-18,-0.003278776109631232
1989-07-19,0.013218665465918766
1989-07-20,-0.006612459857791908
1989-07-21,0.0071661541209480095
1989-07-24,-0.0066388225938379675
1989-07-25,0.0006293387077878076
1989-07-26,0.012489465823567025
1989-07-27,0.01165508825227124
1989-07-28,0.00046786065872783666
1989-07-31,0.011486169065869634
1989-08-01,-0.00673250884959542
1989-08-02,0.0017163529829544721
1989-08-03,0.001161624849678633
1989-08-04,-0.0023785369550053392
1989-08-07,0.015962985636276628
1989-08-08,-0.000171711049955392
1989-08-09,-0.006898536195803828
1989-08-10,0.0037758619628043277
1989-08-11,-0.010078994301866429
1989-08-14,-0.004873216694817106
1989-08-15,0.004809636530713757
1989-08-16,0.002755975256246934
1989-08-17,-0.003500524915404757
1989-08-18,0.004586983644279785
1989-08-21,-0.015489944139153056
1989-08-22,0.0015263715418913915
1989-08-23,0.010287551629616587
1989-08-24,0.019785252582307677
1989-08-25,-0.002844788436657364
1989-08-28,0.004479080718439388
1989-08-29,-0.006390411608970359
1989-08-30,0.002315337202929202
1989-08-31,0.0022815295151068504
1989-09-01,0.006487405605647867
1989-09-05,-0.003307645354919009
1989-09-06,-0.009416857690064506
1989-09-07,-0.0025483454236214786
1989-09-08,0.0011769876702327764
1989-09-11,-0.0031540488379240283
1989-09-12,0.002991452953940099
1989-09-13,-0.009291713904585275
1989-09-14,-0.006657754442942032
1989-09-15,0.005536758002704811
1989-09-18,0.0048397769650212474
1989-09-19,-0.0005192028023397466
1989-09-20,-0.00023080818087750643
1989-09-21,-0.0022223829219240043
1989-09-22,0.0039050492862842123
1989-09-25,-0.008125563768418442
1989-09-26,0.00029043250950433475
1989-09-27,0.002236283685064455
1989-09-28,0.010141987650241102
1989-09-29,0.0015777044846219113
1989-10-01,0.0
1989-10-02,0.004926253045311801
1989-10-03,0.010944214071676672
1989-10-04,0.0062868569818974596
1989-10-05,8.404431862962802e-05
1989-10-06,0.005070447243197496
1989-10-09,0.0028429372237646078
1989-10-10,-0.001862098201464546
1989-10-11,-0.005958885694153593
1989-10-12,-0.004481849994973475
1989-10-13,-0.0611722891918024
1989-10-16,0.02757384197610868
1989-10-17,-0.004929276392942494
1989-10-18,0.0017587234642835181
1989-10-19,0.01571276616263617
1989-10-20,8.641943616205516e-05
1989-10-23,-0.006711651875979219
1989-10-24,-0.003276902848463714
1989-10-25,-0.003491452325897537
1989-10-26,-0.013343087078010907
1989-10-27,-0.008492868876368243
1989-10-30,2.9874546940700242e-05
1989-10-31,0.015787679922736553
1989-11-01,0.0024680540945525298
1989-11-02,-0.00797186730184729
1989-11-03,-0.0025408173044976223
1989-11-06,-0.01483919743522899
1989-11-07,0.006614390138365511
1989-11-08,0.009975796309087626
1989-11-09,-0.0046724430009875695
1989-11-10,0.00751700604403438
1989-11-13,0.0013269881490822755
1989-11-14,-0.004594308981524464
1989-11-15,0.007544656304107056
1989-11-16,0.00011739597797788548
1989-11-17,0.0030242492803620458
1989-11-20,-0.006615670925781192
1989-11-21,0.0007072056285797323
1989-11-22,0.006831789361399165
1989-11-24,0.006024970128190699
1989-11-27,0.0047678115098388485
1989-11-28,0.0004629601831285246
1989-11-29,-0.006275798881060335
1989-11-30,0.006955716206068274
1989-12-01,0.013410834935699611
1989-12-04,0.0022245636951623293
1989-12-05,-0.005207640849073214
1989-12-06,-0.002946389435494634
1989-12-07,-0.0027542432612229772
1989-12-08,0.003164665597701344
1989-12-11,-0.0003728379990887154
1989-12-12,0.009094599064545461
1989-12-13,0.0028999203417745534
1989-12-14,-0.005159482138111238
1989-12-15,-0.002251098634574622
1989-12-18,-0.01842123704000942
1989-12-19,-0.003578838422970465
1989-12-20,0.001109632927332349
1989-12-21,0.00565862344571455
1989-12-22,0.0076570991872630945
1989-12-26,-0.0017558455056231326
1989-12-27,0.005766846440642404
1989-12-28,0.005332461460850757
1989-12-29,0.00778504110478373
1990-01-01,0.0
1990-01-02,0.01779855306608824
1990-01-03,-0.00258553940745887
1990-01-04,-0.00861298989234971
1990-01-05,-0.009756237775744192
1990-01-08,0.00451446985457804
1990-01-09,-0.011786690768585961
1990-01-10,-0.006607166611908077
1990-01-11,0.003512715525838761
1990-01-12,-0.024675081438144675
1990-01-15,-0.008619400285092893
1990-01-16,0.011127596439169052
1990-01-17,-0.00983127249747795
1990-01-18,0.002341459867258422
1990-01-19,0.0028386157134980827
1990-01-22,-0.02585873263010774
1990-01-23,0.0037229264803306794
1990-01-24,-0.0040709738716290245
1990-01-25,-0.012656764578690027
1990-01-26,-0.0008586812770701169
1990-01-29,-0.0018415457594146423
1990-01-30,-0.006826571763133282
1990-01-31,0.01888654213401364
1990-02-01,-0.000881177948146239
1990-02-02,0.006478313900835753
1990-02-05,0.00281032466470732
1990-02-06,-0.00659937441954761
1990-02-07,0.0124067108307222
1990-02-08,-0.002367066801264084
1990-02-09,0.0019822311360144784
1990-02-12,-0.010610900415841118
1990-02-13,0.002847801986323839
1990-02-14,0.0029908186357658906
1990-02-15,0.008674451968618602
1990-02-16,-0.006479779428516075
1990-02-20,-0.014216190697807107
1990-02-21,-0.0009755688166336318
1990-02-22,-0.006012149845800896
1990-02-23,-0.004759036697737695
1990-02-26,0.013944222169855802
1990-02-27,0.004837667791193878
1990-02-28,0.004935519998225724
1990-03-01,0.0025610158438718056
1990-03-02,0.008415033938585559
1990-03-05,-0.005364541529198519
1990-03-06,0.012554690969049709
1990-03-07,-0.0028999511436980097
1990-03-08,0.00985302474065719
1990-03-09,-0.00687688133964881
1990-03-12,0.002189864078336212
1990-03-13,-0.007883820007300701
1990-03-14,0.0025892711821056125
1990-03-15,0.0035622412931546332
1990-03-16,0.011358583295465019
1990-03-19,0.004738074639045742
1990-03-20,-0.005705444828814854
1990-03-21,-0.005357663291867154
1990-03-22,-0.011920845085604426
1990-03-23,0.004557772850455777
1990-03-26,0.0012158343533159588
1990-03-27,0.011462236949381088
1990-03-28,0.0014641288433381305
1990-03-29,-0.0035379867107547813
1990-03-30,-0.0024942224895175835
1990-04-01,0.0
1990-04-02,-0.003647673782048444
1990-04-03,0.01458518530665609
1990-04-04,-0.007420609364004571
1990-04-05,-0.0010553969785905837
1990-04-06,-0.0019077404194037806
1990-04-09,0.0037932503994844158
1990-04-10,0.0020505967631716526
1990-04-11,-0.0004384888861133085
1990-04-12,0.007077628729292629
1990-04-16,0.001161624849678633
1990-04-17,-0.0001740371302817456
1990-04-18,-0.01148889270983311
1990-04-19,-0.007718962413095665
1990-04-20,-0.008784646848097988
1990-04-23,-0.01214492535068079
1990-04-24,-0.002084284751092569
1990-04-25,0.005055132285337605
1990-04-26,0.0026805248071246623
1990-04-27,-0.011444274668092058
1990-04-30,0.005135068872495374
1990-05-01,0.004383350243467143
1990-05-02,0.006711846459979354
1990-05-03,0.003258778707512011
1990-05-04,0.00840363340783945
1990-05-07,0.006324016780112851
1990-05-08,0.004346198548244029
1990-05-09,0.002485235992127688
1990-05-10,0.0028000408728707793
1990-05-11,0.0237914970086881
1990-05-14,0.0078125
1990-05-15,-0.0013248801147375255
1990-05-16,-0.000790331885123785
1990-05-17,0.0013276870641332206
1990-05-18,0.0004796271254234874
1990-05-21,0.009474354874740687
1990-05-22,0.0012010968597242488
1990-05-23,0.0023993970558109368
1990-05-24,-0.0024492884908667856
1990-05-25,-0.01068613334089441
1990-05-29,0.01711886613482516
1990-05-30,0.0005822583075889565
1990-05-31,0.0010253994618028006
1990-06-01,0.005342835913636934
1990-06-04,0.011675267627544006
1990-06-05,-0.002068533643636905
1990-06-06,-0.0045822145053379115
1990-06-07,-0.004959441037296619
1990-06-08,-0.012226359675148069
1990-06-11,0.008140318076699238
1990-06-12,0.012775475084498611
1990-06-13,-0.0036860234908276945
1990-06-14,-0.005480953777618813
1990-06-15,2.7582710921292275e-05
1990-06-18,-0.01661568630913568
1990-06-19,0.0044552687629915155
1990-06-20,0.0017574828595618985
1990-06-21,0.0038150796265723486
1990-06-22,-0.013981769711361003
1990-06-25,-0.008778086209605629
1990-06-26,-0.0007096023437666021
1990-06-27,0.008748557379999244
1990-06-28,0.00701129169248893
1990-06-29,0.0010904681529368965
1990-07-01,0.0
1990-07-02,0.004245627556823228
1990-07-03,0.0017244120332995383
1990-07-05,-0.01243894641485821
1990-07-06,0.0077036122592668566
1990-07-09,0.003068956935238898
1990-07-10,-0.008427900734002458
1990-07-11,0.013296364222840529
1990-07-12,0.011654600467948084
1990-07-13,0.00511710569366941
1990-07-16,0.004464933324271669
1990-07-17,-0.003875926673115093
1990-07-18,-0.008979070231867059
1990-07-19,0.003020169402638162
1990-07-20,-0.01015554006973296
1990-07-23,-0.0174220515145449
1990-07-24,0.0013509639177800015
1990-07-25,0.003653806351351152
1990-07-26,-0.0033044685874221713
1990-07-27,-0.006939960089034414
1990-07-30,0.005969854393921725
1990-07-31,0.0016875435919434523
1990-08-01,-0.0017689313312064803
1990-08-02,-0.011363574910518981
1990-08-03,-0.01883471442995699
1990-08-06,-0.03024413709566376
1990-08-07,0.001196046722018007
1990-08-08,0.010512856292488326
1990-08-09,0.004699264989533214
1990-08-10,-0.013002333929488685
1990-08-13,0.009895110374730898
1990-08-14,0.0016232390405246377
1990-08-15,0.001974079617074853
1990-08-16,-0.022554793169504372
1990-08-17,-0.013718908135657792
1990-08-20,0.002074316631219597
1990-08-21,-0.020242988695555852
1990-08-22,-0.016497849376317264
1990-08-23,-0.02997943642500367
1990-08-24,0.014492321508541961
1990-08-27,0.0
1990-08-28,-0.00031111903545311126
1990-08-29,0.0
1990-08-30,-0.016903701363580992
1990-08-31,0.012079966762065908
1990-09-01,0.0
1990-09-04,0.0016431013867446165
1990-09-05,0.004023703380736432
1990-09-06,-0.012115117654341478
1990-09-07,0.009174319789677643
1990-09-10,-0.00547306446220408
1990-09-11,-0.0018343945805230355
1990-09-12,0.00467231485196673
1990-09-13,-0.01206056472183581
1990-09-14,-0.005711618889313375
1990-09-17,0.0029668985930781933
1990-09-18,0.002612005911634574
1990-09-19,-0.006277463784323256
1990-09-20,-0.016171809913084645
1990-09-21,-0.000513688379561561
1990-09-24,-0.02161766294486589
1990-09-25,0.012049028109456072
1990-09-26,-0.010380886607589068
1990-09-27,-0.01340718668662888
1990-09-28,0.016878713996948846
1990-10-01,0.029047590272904156
1990-10-02,0.0008572712630308121
1990-10-03,-0.012087172557589176
1990-10-04,0.004142609409782727
1990-10-05,-0.0038056939208641616
1990-10-08,0.0063563755580358094
1990-10-09,-0.026732182560686435
1990-10-10,-0.015437533139478488
1990-10-11,-0.016412074146769595
1990-10-12,0.015467431992102876
1990-10-15,0.010665640836085899
1990-10-16,-0.014213624649402123
1990-10-17,-0.0005352724973969325
1990-10-18,0.023363168565383674
1990-10-19,0.022044943308810572
1990-10-22,0.00729646281085361
1990-10-23,-0.007624934361418978
1990-10-24,0.0007684106902585697
1990-10-25,-0.007773488894227909
1990-10-26,-0.01760331990935149
1990-10-29,-0.009287475473815698
1990-10-30,0.007221388102956583
1990-10-31,-0.000197321446673282
1990-11-01,0.009934174387078443
1990-11-02,0.0157319303715715
1990-11-05,0.0087862439658426
1990-11-06,-0.009440863521652298
1990-11-07,-0.01800264886549663
1990-11-08,0.005228507352301737
1990-11-09,0.01992784751706478
1990-11-12,0.0182954705508378
1990-11-13,-0.005665448529958872
1990-11-14,0.008593761933312072
1990-11-15,-0.010549328799002833
1990-11-16,0.0003154567755387916
1990-11-19,0.007000508497998492
1990-11-20,-0.01261977461486774
1990-11-21,0.002283470953277744
1990-11-23,-0.002942735434526611
1990-11-26,0.004474781449690601
1990-11-27,0.005023526235609532
1990-11-28,-0.00047153063063931633
1990-11-29,-0.004812073346613488
1990-11-30,0.018330028275197474
1990-12-01,0.0
1990-12-03,0.005834538128267175
1990-12-04,0.0069423016279777094
1990-12-05,0.010939197969821235
1990-12-06,-0.0025764005483766006
1990-12-07,-0.004011326753696531
1990-12-10,0.0034783055635010385
1990-12-11,-0.007449335941835056
1990-12-12,0.011487562712762411
1990-12-13,-0.0025742938830090045
1990-12-14,-0.007651633696766247
1990-12-17,-0.0024478865816597306
1990-12-18,0.01236120150635256
1990-12-19,0.0004545505820670037
1990-12-20,-0.0002423291547112294
1990-12-21,0.00493761331310405
1990-12-24,-0.005576506717454799
1990-12-26,0.002879697558676897
1990-12-27,-0.007737637936729547
1990-12-28,0.001309795195068908
1990-12-31,0.004563154035135408
1991-01-01,0.0
1991-01-02,-0.011416598024758029
1991-01-03,-0.0139072089911354
1991-01-04,-0.002826888421474938
1991-01-07,-0.017320864668516345
1991-01-08,-0.0017119215722241066
1991-01-09,-0.010828846389975944
1991-01-10,0.009759570580853971
1991-01-11,0.002225581692519185
1991-01-14,-0.008692131638671774
1991-01-15,0.003968193512448481
1991-01-16,0.00777739570956304
1991-01-17,0.037321653831241086
1991-01-18,0.012989022623316915
1991-01-21,-0.0035216969841490586
1991-01-22,-0.008306651423548361
1991-01-23,0.005787194756825098
1991-01-24,0.013839700319426829
1991-01-25,0.003853302316821905
1991-01-28,-0.00011904824604980213
1991-01-29,-0.0005654329735335084
1991-01-30,0.015096496484944488
1991-01-31,0.008858610721981464
1991-02-01,-0.0025586744440810882
1991-02-04,0.015420518096955549
1991-02-05,0.008382653322709377
1991-02-06,0.01938734091346661
1991-02-07,-0.004328813580701252
1991-02-08,0.007937891779008277
1991-02-11,0.02568521027405013
1991-02-12,-0.00835635868596396
1991-02-13,0.009630612896503132
1991-02-14,-0.013007392379470573
1991-02-15,0.013288661582749661
1991-02-19,0.000894209862967843
1991-02-20,-0.011505454482966693
1991-02-21,-0.0004656116035326452
1991-02-22,0.0018631467613965391
1991-02-25,0.004403161208848427
1991-02-26,-0.012116789437192299
1991-02-27,0.013588359496584879
1991-02-28,-0.0018218929894713298
1991-03-01,0.009262521667920742
1991-03-04,-0.003077211770672772
1991-03-05,0.020009246248927415
1991-03-06,-0.001459937861506111
1991-03-07,-0.0006912027975216617
1991-03-08,-0.0025537800157641177
1991-03-11,-0.005307429489705751
1991-03-12,-0.007856050897979916
1991-03-13,0.012269298597138212
1991-03-14,-0.0028566284093658467
1991-03-15,0.00024095405057722452
1991-03-18,-0.003961591586594704
1991-03-19,-0.014834294243559976
1991-03-20,0.0036280779702941857
1991-03-21,-0.0036421689676089386
1991-03-22,0.0024551924464786268
1991-03-25,0.006394839217594761
1991-03-26,0.017494528447165036
1991-03-27,-0.002524532873425911
1991-03-28,-0.00034635641587454913
1991-04-01,-0.010447240059115681
1991-04-02,0.022084601337513332
1991-04-03,-0.0014756193902338843
1991-04-04,0.0021902849182409145
1991-04-05,-0.01161230162910687
1991-04-08,0.008791609226689534
1991-04-09,-0.013468562969926268
1991-04-10,-0.0010975577277785309
1991-04-11,0.012005925390878858
1991-04-12,0.0073351931198673
1991-04-15,0.0020767838002038186
1991-04-16,0.01686820912038378
1991-04-17,0.0073010090436334
1991-04-18,-0.005096736303590976
1991-04-19,-0.010966326885015865
1991-04-22,-0.008459135597967404
1991-04-23,0.0021262568122810688
1991-04-24,0.0026194467058346937
1991-04-25,-0.00917026250410613
1991-04-26,-0.0006064890872198303
1991-04-29,-0.014141695707160062
1991-04-30,0.004496046296944334
1991-05-01,0.013188075492426732
1991-05-02,0.0006047502263599736
1991-05-03,0.000735831986179436
1991-05-06,-0.0018907595687597256
1991-05-07,-0.007261574788342884
1991-05-08,0.00315382809897935
1991-05-09,0.012522760593068671
1991-05-10,-0.019595589734181296
1991-05-13,0.002714695155588087
1991-05-14,-0.013642675749039879
1991-05-15,-0.008207275800665603
1991-05-16,0.009821730051960298
1991-05-17,0.0005373927448864002
1991-05-20,-0.0002954318451435789
1991-05-21,0.008246500844217408
1991-05-22,0.0022379014898936678
1991-05-23,-0.0032696535749104916
1991-05-24,0.0067473832860911465
1991-05-28,0.011788424387805252
1991-05-29,0.0022254964080281603
1991-05-30,0.010893656618696346
1991-05-31,0.007416774810221405
1991-06-01,0.0
1991-06-03,-0.004540412678960881
1991-06-04,-0.0008246336294182033
1991-06-05,-0.006834461142072423
1991-06-06,-0.0037912993558967267
1991-06-07,-0.010948080581742348
1991-06-10,-0.002266519168655612
1991-06-11,0.006550916397944029
1991-06-12,-0.011547025423013446
1991-06-13,0.002601914249857895
1991-06-14,0.012340130820789774
1991-06-17,-0.0056501703257451075
1991-06-18,-0.004051268053403501
1991-06-19,-0.009244829588355707
1991-06-20,0.0008798344212477271
1991-06-21,0.006206346196069523
1991-06-24,-0.018027789698461305
1991-06-25,-0.0007818206260126193
1991-06-26,0.0025360918842178837
1991-06-27,0.007562091515613822
1991-06-28,-0.008653820211521723
1991-07-01,0.01821319565396662
1991-07-02,-0.0011907604547047868
1991-07-03,-0.010967797798630552
1991-07-05,0.0020089465807076046
1991-07-08,0.010318691209626918
1991-07-09,-0.004842083605922309
1991-07-10,-0.0009837418085075766
1991-07-11,0.0032735695382353214
1991-07-12,0.008700954369513791
1991-07-15,0.005627914920282695
1991-07-16,-0.002222877352843766
1991-07-17,-0.0009435861536870593
1991-07-18,0.010992188787227741
1991-07-19,-0.0029841293070433927
1991-07-22,-0.003487575695261369
1991-07-23,-0.009036751491207085
1991-07-24,-0.002055766042097451
1991-07-25,0.006127130564355987
1991-07-26,-7.874522251616334e-05
1991-07-29,0.005827845702327306
1991-07-30,0.009239223806116748
1991-07-31,0.002896364297282794
1991-08-01,-0.001779228090431073
1991-08-02,0.00015498439592498414
1991-08-05,-0.005475476928795575
1991-08-06,0.014439301910990299
1991-08-07,-0.00015359571794515414
1991-08-08,-0.0031749033237562507
1991-08-09,-0.005650909703181828
1991-08-12,0.002324844771223855
1991-08-13,0.0041235146353741925
1991-08-14,0.0007186458159382791
1991-08-15,-0.001461932118855258
1991-08-16,-0.009631932112436847
1991-08-19,-0.02362670695787039
1991-08-20,0.00786248956219704
1991-08-21,0.029412550081789224
1991-08-22,0.0018945447689726613
1991-08-23,0.007257370896478266
1991-08-26,-0.0008118510117903766
1991-08-27,-0.002005861451514712
1991-08-28,0.009108067755763116
1991-08-29,-0.00042863407991011737
1991-08-30,-0.002623170836935307
1991-09-01,0.0
1991-09-03,-0.00829476478782476
1991-09-04,-0.0055590786936405845
1991-09-05,-0.0021283344094867873
1991-09-06,-0.00010281272399603747
1991-09-09,-0.0013621145489158826
1991-09-10,-0.010319915819645531
1991-09-11,0.0013781952950426835
1991-09-12,0.0058427900527069365
1991-09-13,-0.00968141693461666
1991-09-16,0.0057092272017365
1991-09-17,-0.0007257991087740168
1991-09-18,0.0037354148934014564
1991-09-19,0.0016023029753338136
1991-09-20,0.00092892938231115
1991-09-23,-0.0051557020281775
1991-09-24,0.004638209901179247
1991-09-25,-0.002140740735493196
1991-09-26,-0.0010081023664059163
1991-09-27,-0.0015265501120296232
1991-09-30,0.005079013957185685
1991-10-01,0.0034549242151240556
1991-10-02,-0.002415216885723548
1991-10-03,-0.009761521788478111
1991-10-04,-0.008375168961114121
1991-10-07,-0.004590163934426239
1991-10-08,0.003083039335268545
1991-10-09,-0.01016635274188804
1991-10-10,0.009952229621781328
1991-10-11,0.0023650622597106707
1991-10-14,0.013160280123276857
1991-10-15,0.011747376330845327
1991-10-16,0.004577831724606352
1991-10-17,-0.002240260673577632
1991-10-18,0.0014798595437703899
1991-10-21,-0.006318499328224481
1991-10-22,-0.005615103079574468
1991-10-23,0.0002836703528599216
1991-10-24,-0.0073980386119654185
1991-10-25,-0.0022593167492657162
1991-10-28,0.013846893903204371
1991-10-29,0.005031890603661493
1991-10-30,0.0037804751895791355
1991-10-31,-0.0012977892384374856
1991-11-01,-0.0028793600399135144
1991-11-04,-0.002657693257324789
1991-11-05,-0.004022771674514147
1991-11-06,0.0032415162803207664
1991-11-07,0.009616124287154415
1991-11-08,-0.002108063013543382
1991-11-11,0.0005853558506845324
1991-11-12,0.009208371902091672
1991-11-13,0.0016887973086316954
1991-11-14,-0.0006542607464055106
1991-11-15,-0.036585670408153304
1991-11-18,0.006847512285355295
1991-11-19,-0.015107405654069872
1991-11-20,-0.00234572404443556
1991-11-21,0.004041948548941576
1991-11-22,-0.010314116022041797
1991-11-25,-0.002126916252966682
1991-11-26,0.006980324886103784
1991-11-27,-0.003730563271210574
1991-11-29,-0.0035320319091256547
1991-12-01,0.0
1991-12-02,0.01647031782867625
1991-12-03,-0.0011536508873821738
1991-12-04,-0.0023361616726734757
1991-12-05,-0.007051313242654955
1991-12-06,0.004531098833314706
1991-12-09,-0.002215764506374729
1991-12-10,-0.0009517682542325989
1991-12-11,-0.0005291920949538342
1991-12-12,0.010193210117841245
1991-12-13,0.007653029802529465
1991-12-16,-2.603523186006651e-05
1991-12-17,-0.004473810692741775
1991-12-18,0.0019334816607481375
1991-12-19,-0.0025034472336302738
1991-12-20,0.011816427013147335
1991-12-23,0.025268702365072837
1991-12-24,0.0063252336115102725
1991-12-26,0.013798136756323576
1991-12-27,0.004001568846560888
1991-12-30,0.021355172405249423
1991-12-31,0.0046971663069013125
1992-01-01,0.0
1992-01-02,0.0004076180901655402
1992-01-03,0.004984869202859787
1992-01-06,-0.0032908973502745464
1992-01-07,-0.0013398353192710655
1992-01-08,0.0016770776647516694
1992-01-09,-0.0011720180454429796
1992-01-10,-0.006010342990084072
1992-01-13,-0.0018309076233438137
1992-01-14,0.014722223674832335
1992-01-15,0.0007848600759905455
1992-01-16,-0.006084078297966644
1992-01-17,0.0015542285209946272
1992-01-20,-0.005968581596309974
1992-01-21,-0.008934505797870917
1992-01-22,0.013304551278315424
1992-01-23,-0.007581406239006494
1992-01-24,0.0012531799256756404
1992-01-27,-0.0011794087296518319
1992-01-28,-7.228795875280358e-05
1992-01-29,-0.011133591701183665
1992-01-30,0.003119361482478711
1992-01-31,-0.006899558747339496
1992-02-01,0.0
1992-02-03,0.0018347277318842004
1992-02-04,0.010548695668438413
1992-02-05,-2.4186940865922324e-05
1992-02-06,-4.830130931943177e-05
1992-02-07,-0.006597097622177639
1992-02-10,0.006519235932898937
1992-02-11,-2.411786333433863e-05
1992-02-12,0.008144806258817638
1992-02-13,-0.008246835281898957
1992-02-14,-0.0029248747804813124
1992-02-18,-0.01236425030953725
1992-02-19,0.002160157278866981
1992-02-20,0.013814686709328283
1992-02-21,-0.005967628067471975
1992-02-24,0.0020416507129867867
1992-02-25,-0.004414526536347663
1992-02-26,0.011938101475832852
1992-02-27,-0.0035873858915551615
1992-02-28,-0.0028028154100133706
1992-03-01,0.0
1992-03-02,-0.0006057668829788643
1992-03-03,0.0009697996960746913
1992-03-04,-0.008526146249753008
1992-03-05,-0.006889250480413445
1992-03-06,-0.005092143549951467
1992-03-09,0.001903839899673132
1992-03-10,0.00414605569652049
1992-03-11,-0.007028965484964678
1992-03-12,-0.000346469646517078
1992-03-13,0.004828001730001752
1992-03-16,0.0013552590072687387
1992-03-17,0.007849533228782013
1992-03-18,-0.001049838102148981
1992-03-19,0.0015886445220107959
1992-03-20,0.003660322217378331
1992-03-23,-0.003379489842239014
1992-03-24,-0.002512743700068154
1992-03-25,-0.0033261980358526566
1992-03-26,0.0008343059164128697
1992-03-27,-0.010689907095946971
1992-03-30,-0.0012391573729864103
1992-03-31,0.0017121648670130885
1992-04-01,0.001337681244658162
1992-04-02,-0.009227446960770713
1992-04-03,0.00262169236696308
1992-04-06,0.010061035158105414
1992-04-07,-0.018565543645765237
1992-04-08,-0.008943369292137238
1992-04-09,0.015564042201362538
1992-04-10,0.00911040775516958
1992-04-13,0.00442746046034137
1992-04-14,0.015538879740011335
1992-04-15,0.00943277963259015
1992-04-16,-0.0005765115669230658
1992-04-20,-0.014085221970924655
1992-04-21,0.00019507799325313435
1992-04-22,-0.0010968951306961072
1992-04-23,0.004367898673984794
1992-04-24,-0.00626826300190797
1992-04-27,-0.0013935182190364381
1992-04-28,0.0016157990569400926
1992-04-29,0.0
1992-04-30,0.0
1992-05-01,-0.0
1992-05-04,0.0
1992-05-05,-0.0
1992-05-06,-0.0
1992-05-07,-0.0
1992-05-08,0.0
1992-05-11,0.0
1992-05-12,-0.0
1992-05-13,0.0003843562392205069
1992-05-14,-0.007948126933775335
1992-05-15,-0.007382529414736827
1992-05-18,0.006632693420938862
1992-05-19,0.0
1992-05-20,-0.0
1992-05-21,-0.0
1992-05-22,0.0
1992-05-26,-0.0
1992-05-27,0.0
1992-05-28,0.0
1992-05-29,-0.0
1992-06-01,0.0
1992-06-02,-0.0
1992-06-03,0.0
1992-06-04,-0.0
1992-06-05,0.0
1992-06-08,-0.0
1992-06-09,-0.0
1992-06-10,-0.0
1992-06-11,0.004419859528468351
1992-06-12,0.001735782896577387
1992-06-15,0.0012934370525812255
1992-06-16,-0.0
1992-06-17,-0.014841294695074558
1992-06-18,-0.0032317861059674158
1992-06-19,0.006758833874725534
1992-06-22,-0.0006689115422697789
1992-06-23,0.0015865509621244556
1992-06-24,-0.0004950306969637719
1992-06-25,-0.0017828873495251418
1992-06-26,0.0008186572083774823
1992-06-29,0.013607609538397458
1992-06-30,-0.0
1992-07-01,0.011613637634765972
1992-07-02,-0.0
1992-07-06,0.0
1992-07-07,-0.0
1992-07-08,0.0
1992-07-09,0.0
1992-07-10,0.0
1992-07-13,0.0
1992-07-14,0.0
1992-07-15,-0.0
1992-07-16,0.0
1992-07-17,-0.0
1992-07-20,-0.0
1992-07-21,0.0
1992-07-22,-0.0
1992-07-23,0.0
1992-07-24,-0.0
1992-07-27,-0.0
1992-07-28,0.0
1992-07-29,0.0
1992-07-30,0.0
1992-07-31,0.0
1992-08-01,0.0
1992-08-03,0.0
1992-08-04,-0.0
1992-08-05,-0.0
1992-08-06,-0.00378977733784136
1992-08-07,-0.004065696925669049
1992-08-10,0.0012891724088690548
1992-08-11,-0.001239853880600772
1992-08-12,-0.0026736575161284692
1992-08-13,-0.00011965099601418672
1992-08-14,0.005218664253099581
1992-08-17,0.0019765820414545665
1992-08-18,0.0014260733884159382
1992-08-19,-0.007476133108327732
1992-08-20,0.00016740554248073636
1992-08-21,-0.008152832167770963
1992-08-24,-0.009955417191875315
1992-08-25,0.0021668877293881117
1992-08-26,0.004616079496807313
1992-08-27,4.833985441665689e-05
1992-08-28,0.0031678416619369543
1992-08-31,-0.0019525541552025683
1992-09-01,0.00492719984285328
1992-09-02,0.004590582422397516
1992-09-03,0.0
1992-09-04,-0.0021532714254413055
1992-09-08,-0.00632968307243853
1992-09-09,0.004632716192563224
1992-09-10,0.008622410850642748
1992-09-11,-0.0008811182855334998
1992-09-14,0.013561186480533616
1992-09-15,-0.0
1992-09-16,0.00035739671245904603
1992-09-17,2.376464023567948e-05
1992-09-18,0.007144047942096554
1992-09-21,-0.0018678694843695665
1992-09-22,-0.011844411395503629
1992-09-23,0.0007191537192172692
1992-09-24,0.002467417528921212
1992-09-25,-0.00984537745876457
1992-09-28,0.0054784336436204395
1992-09-29,0.00043203081438902835
1992-09-30,0.0023992323159489626
1992-10-01,-0.0036141198950803144
1992-10-02,-0.013980655804259334
1992-10-05,-0.007065056856432994
1992-10-06,-0.0009569267645527235
1992-10-07,-0.007195816907718866
1992-10-08,0.008658008658008587
1992-10-09,-0.012483130197156633
1992-10-12,0.011871054328276509
1992-10-13,0.004565053358573934
1992-10-14,0.00017104159859915313
1992-10-15,0.0005618657670851679
1992-10-16,0.005200207155939829
1992-10-19,0.00789352224341
1992-10-20,0.0012048773115880262
1992-10-21,0.00045730826124512625
1992-10-22,-0.00185247794253951
1992-10-23,-0.0019281460707091247
1992-10-26,0.009804389033452043
1992-10-27,0.0007891394905674698
1992-10-28,0.003918886202078697
1992-10-29,0.0017375109139219358
1992-10-30,-0.005179852567737453
1992-11-01,0.0
1992-11-02,0.00972104565639098
1992-11-03,-0.006694231986435595
1992-11-04,-0.006691817456458193
1992-11-05,0.0029488888531197244
1992-11-06,-0.0018167274759239849
1992-11-09,0.002418721677529989
1992-11-10,7.166625948862304e-05
1992-11-11,0.008551949576229845
1992-11-12,0.0015868851037070808
1992-11-13,-0.001040514688880445
1992-11-16,-0.004142698270345413
1992-11-17,-0.0033517250324668346
1992-11-18,0.00853869149629749
1992-11-19,0.001797278555225601
1992-11-20,0.007176432685832346
1992-11-23,-0.003586074771322001
1992-11-24,0.005810127138391241
1992-11-25,0.003741916595848771
1992-11-27,0.0022600741284404258
1992-11-30,0.002766418149700911
1992-12-01,-0.0013214496723154001
1992-12-02,-0.0020659829457758683
1992-12-03,4.649797155265034e-05
1992-12-04,0.005001032490916879
1992-12-07,0.007522103454067786
1992-12-08,0.003859301842832341
1992-12-09,-0.0030664234143484848
1992-12-10,-0.0023183272402085287
1992-12-11,-0.002093695084299685
1992-12-14,-0.0020520015352720744
1992-12-15,-0.0006237617039925869
1992-12-16,-0.0024273950869642125
1992-12-17,0.009061002413924157
1992-12-18,0.013435009535210263
1992-12-21,-0.0013143278051804819
1992-12-22,-0.0008849889667220667
1992-12-23,-0.00290704000907116
1992-12-24,0.001685511779223603
1992-12-28,-0.0014098167966805075
1992-12-29,-0.002664198853278399
1992-12-30,0.0019178873848579858
1992-12-31,-0.0070872244137283325
1993-01-01,0.0
1993-01-04,-0.0007573536956626548
1993-01-05,-0.002388737501167082
1993-01-06,0.00041440502209977303
1993-01-07,-0.008722217902901841
1993-01-08,-0.003900408958066981
1993-01-11,0.004428445328331643
1993-01-12,0.0002088324291482646
1993-01-13,0.004616718158234834
1993-01-14,0.006720097153344096
1993-01-15,0.0027755917059728574
1993-01-18,-0.0007091331646390531
1993-01-19,-0.003914457168330054
1993-01-20,-0.004044790627800943
1993-01-21,0.004891882550877247
1993-01-22,0.0014236724863729844
1993-01-25,0.008942754224988914
1993-01-26,-0.00013635498570974125
1993-01-27,-0.004182354368484242
1993-01-28,0.001255434317721571
1993-01-29,0.0002735492549712504
1993-02-01,0.008523611479055004
1993-02-02,6.779078921104187e-05
1993-02-03,0.0105073427687854
1993-02-04,0.005277247958727527
1993-02-05,-0.001401381097592802
1993-02-08,-0.0024056903969114085
1993-02-09,-0.005626927535795412
1993-02-10,0.0020210280942229986
1993-02-11,0.0032046089249364584
1993-02-12,-0.006880259716408599
1993-02-16,-0.024000142229573473
1993-02-17,-0.001405858044276953
1993-02-18,-0.003231003775502783
1993-02-19,0.005371630833536978
1993-02-22,0.0023490143494182547
1993-02-23,-0.0010109421268236218
1993-02-24,0.01396045881930652
1993-02-25,0.0033343190441263992
1993-02-26,0.002351151949929964
1993-03-01,-0.003089889264513812
1993-03-02,0.013325454176891904
1993-03-03,0.003036427523271934
1993-03-04,-0.0042737243155384075
1993-03-05,-0.0027496110260596396
1993-03-08,0.019277770921756643
1993-03-09,-0.000681747849000991
1993-03-10,0.004247343093540801
1993-03-11,-0.005719513133834342
1993-03-12,-0.008573601864523717
1993-03-15,0.003556912947728863
1993-03-16,-0.00013290556579570456
1993-03-17,-0.006779355277701349
1993-03-18,0.007985583880216307
1993-03-19,-0.003784155252880783
1993-03-22,-0.0028877067264626577
1993-03-23,-0.00026732114570093835
1993-03-24,-0.0015375756003005447
1993-03-25,0.006271335980228887
1993-03-26,-0.006875457039443034
1993-03-29,0.006677364425669019
1993-03-30,0.002662138643384493
1993-03-31,-0.0006637338587927033
1993-04-01,-0.003033244612296593
1993-04-02,-0.01978674969146954
1993-04-05,0.0020389992220399833
1993-04-06,-0.0025548957945716877
1993-04-07,0.003558816101155937
1993-04-08,-0.002010287593684268
1993-04-12,0.014779102918295317
1993-04-13,0.001895769370770406
1993-04-14,-0.0012465997886826896
1993-04-15,-0.0005795251716281813
1993-04-16,0.0012043009640327895
1993-04-19,-0.0032966787951165255
1993-04-20,-0.005274181818777035
1993-04-21,-0.0033026313200302804
1993-04-22,-0.009399755160465095
1993-04-23,-0.005529496934943756
1993-04-26,-0.007985699480866693
1993-04-27,0.010310469928036525
1993-04-28,2.2783150668725938e-05
1993-04-29,0.00198626924932066
1993-04-30,0.00296198990539831
1993-05-01,0.0
1993-05-03,0.005156839094668131
1993-05-04,0.003593536971923106
1993-05-05,0.0010584421430550606
1993-05-06,-0.002834471518013415
1993-05-07,-0.0021432391510652904
1993-05-10,0.0011077982344500636
1993-05-11,0.0035230298139103944
1993-05-12,0.0009901936625957841
1993-05-13,-0.012522430214708447
1993-05-14,0.0007512842110324325
1993-05-17,0.0018427462987820054
1993-05-18,-0.00011351316738883455
1993-05-19,0.016465297691234948
1993-05-20,0.006747523212573547
1993-05-21,-0.010541734256430457
1993-05-24,0.004844795621414821
1993-05-25,0.0018973350524902344
1993-05-26,0.01022612515422816
1993-05-27,-0.002271521642888019
1993-05-28,-0.004907055995077347
1993-06-01,0.008085439727935961
1993-06-02,4.411240297530483e-05
1993-06-03,-0.002996619700012526
1993-06-04,-0.005370268355599617
1993-06-07,-0.005265953717379479
1993-06-08,-0.0066564162033485585
1993-06-09,0.002406078893612662
1993-06-10,-0.000897289913364685
1993-06-11,0.004221125470837306
1993-06-14,0.0010060852292359534
1993-06-15,-0.0032163732525293254
1993-06-16,0.0025993315496593006
1993-06-17,0.0024808704988736885
1993-06-18,-0.010835189228507569
1993-06-21,0.005724866090092151
1993-06-22,-0.0006499227827719833
1993-06-23,-0.006144440336775303
1993-06-24,0.007739327730513779
1993-06-25,0.0021942837245139124
1993-06-28,0.009495084767753736
1993-06-29,-0.0025672317061862238
1993-06-30,-0.000355019328679651
1993-07-01,-0.003351629790949162
1993-07-02,-0.007082073746352613
1993-07-06,-0.009891449170852606
1993-07-07,0.003171496997741663
1993-07-08,0.013120222777017743
1993-07-09,-0.0011814133371280677
1993-07-12,0.0019415448510549105
1993-07-13,-0.00198230350273787
1993-07-14,0.004441050348453768
1993-07-15,-0.001910738929122413
1993-07-16,-0.007724502941262146
1993-07-19,0.0006281520567512633
1993-07-20,0.00286975939465961
1993-07-21,-0.00029063710518895114
1993-07-22,-0.005970711914412674
1993-07-23,0.005826632203977278
1993-07-26,0.004450883934710159
1993-07-27,-0.0018927299883030324
1993-07-28,-0.0023424679097010515
1993-07-29,0.006820339847307677
1993-07-30,-0.004686357048080403
1993-08-01,0.0
1993-08-02,0.004507595991480429
1993-08-03,-0.001954914794500384
1993-08-04,-0.0016248146695767574
1993-08-05,-0.0009140849295460329
1993-08-06,0.0012272951754537242
1993-08-09,0.004546689351481836
1993-08-10,-0.00281768949732053
1993-08-11,0.0022471447783198872
1993-08-12,-0.003329929468663062
1993-08-13,0.0026283482176996387
1993-08-16,0.00497620776087726
1993-08-17,0.001657898209259434
1993-08-18,0.0064220061146953444
1993-08-19,0.0008551533276732748
1993-08-20,-0.0005915233836608635
1993-08-23,-0.0020387422577936576
1993-08-24,0.009972932183243355
1993-08-25,0.0007830347298503071
1993-08-26,0.001977709891666679
1993-08-27,-0.001084504578199308
1993-08-30,0.00295302324733826
1993-08-31,0.003593859458853821
1993-09-01,-0.0008844673057828434
1993-09-02,-0.0039943994988567155
1993-09-03,8.672999345460397e-05
1993-09-07,-0.006112644354714369
1993-09-08,-0.004078328452397639
1993-09-09,0.0018613951929851158
1993-09-10,0.0092240463840505
1993-09-13,0.0007363690916393217
1993-09-14,-0.0046747255194612425
1993-09-15,0.003696482343102492
1993-09-16,-0.0047010688887376695
1993-09-17,-0.0013059793942078457
1993-09-20,-0.008238342937295196
1993-09-21,-0.004614823958401959
1993-09-22,0.007175184705623838
1993-09-23,0.003375664151987978
1993-09-24,-0.00024027909710533368
1993-09-27,0.009112127407869819
1993-09-28,-0.0005846449129680575
1993-09-29,-0.003076752175351971
1993-09-30,-0.0025645882796472286
1993-10-01,0.005120620009631427
1993-10-04,0.00013006754845767965
1993-10-05,-0.00030342942725658517
1993-10-06,-0.0009974457078932852
1993-10-07,-0.003385852306417303
1993-10-08,0.002460919249176463
1993-10-11,0.0012383118490624234
1993-10-12,0.0005207217319744828
1993-10-13,0.0008023835901833642
1993-10-14,0.011571207287028207
1993-10-15,0.005719455700220033
1993-10-18,-0.0022363957251730904
1993-10-19,-0.004781771146508462
1993-10-20,-0.0003002598258833311
1993-10-21,-0.001523423437462923
1993-10-22,-0.004491138911119963
1993-10-25,0.0020075187588546317
1993-10-26,0.00021537178653252553
1993-10-27,0.0006676665232479007
1993-10-28,0.0067153650010443044
1993-10-29,0.0002137463570632825
1993-11-01,0.002714703135118235
1993-11-02,-0.0014069572660881935
1993-11-03,-0.011570347108458834
1993-11-04,-0.011943326228910589
1993-11-05,0.0045465849182364515
1993-11-08,0.0013925715792151294
1993-11-09,0.0002607399218084172
1993-11-10,0.007364314181833809
1993-11-11,-0.0023289626701946675
1993-11-12,0.005944146448485954
1993-11-15,-0.0035239575341478035
1993-11-16,0.006447418295148166
1993-11-17,-0.004135048884095216
1993-11-18,-0.0025601911483331685
1993-11-19,-0.002200053976131988
1993-11-22,-0.007501083387203122
1993-11-23,0.004138248156901225
1993-11-24,0.002884815686152953
1993-11-26,0.0015139982464074109
1993-11-29,-0.002505082857999663
1993-11-30,-0.00023811507472581983
1993-12-01,0.0002165618607270492
1993-12-02,0.0026412580147539
1993-12-03,0.003843642661955915
1993-12-06,0.00331256421695425
1993-12-07,0.0007075383123424928
1993-12-08,-0.0010069440630510185
1993-12-09,-0.004525114908048411
1993-12-10,-0.0005385841784323331
1993-12-13,0.003815272905813183
1993-12-14,-0.005668916854706607
1993-12-15,-0.00263465042788269
1993-12-16,0.0032478780787590367
1993-12-17,0.006561075169312591
1993-12-20,-0.0011364097382992044
1993-12-21,-0.001180676834475869
1993-12-22,0.004341327281849772
1993-12-23,0.00012838645393609127
1993-12-27,0.006761101521451929
1993-12-28,0.0008500741471937356
1993-12-29,-0.0007644622824016789
1993-12-30,-0.004122512599736727
1993-12-31,-0.0046731016834939965
1994-01-01,0.0
1994-01-03,-0.0021653119073704596
1994-01-04,0.0031153579396385744
1994-01-05,0.0014135516370556989
1994-01-06,-0.0009196720928408286
1994-01-07,0.005951358983465216
1994-01-10,0.011427953153730908
1994-01-11,-0.0023986032301874793
1994-01-12,8.438306901026316e-05
1994-01-13,-0.003585237697217525
1994-01-14,0.005164354213182065
1994-01-17,-0.0033901494108894425
1994-01-18,0.0020072094475667157
1994-01-19,0.0001054038860701656
1994-01-20,0.0014337406933608854
1994-01-21,-0.0005474120165289698
1994-01-24,-0.005792888424605236
1994-01-25,-0.002224691802981238
1994-01-26,0.004841583951170847
1994-01-27,0.008136042871133897
1994-01-28,0.0034588082093791606
1994-01-31,0.0060789076046079416
1994-02-01,-0.004131953852498205
1994-02-02,0.004962272021688641
1994-02-03,-0.0026763662757715023
1994-02-04,-0.02267478124074518
1994-02-07,0.004150640082511314
1994-02-08,-0.0015050490884316314
1994-02-09,0.003651419733098571
1994-02-10,-0.008122335230926758
1994-02-11,0.0026656431013665216
1994-02-14,0.00010638119725636663
1994-02-15,0.004869910413715317
1994-02-16,0.0005714457325152189
1994-02-17,-0.00518203042101395
1994-02-18,-0.005634209119184996
1994-02-22,0.008060871504611988
1994-02-23,-0.0016332011785251677
1994-02-24,-0.01366078022144035
1994-02-25,0.0038986721245009015
1994-02-28,0.0022958081562935995
1994-03-01,-0.005779877814713119
1994-03-02,0.0007966478237071417
1994-03-03,-0.0038725238321533073
1994-03-04,0.003736378117668915
1994-03-07,0.004669306436573262
1994-03-08,-0.002205989957846932
1994-03-09,0.002532825327152821
1994-03-10,-0.006765733907051041
1994-03-11,0.0054753364482447164
1994-03-14,0.002036729701695217
1994-03-15,-0.0008130359462179548
1994-03-16,0.0051604968024536735
1994-03-17,0.0031527851953798702
1994-03-18,0.0003397826803637205
1994-03-21,-0.005349613694078159
1994-03-22,0.0005548709679121799
1994-03-23,-0.0005545632568609848
1994-03-24,-0.008942678031740647
1994-03-25,-0.008118917802726555
1994-03-28,-0.0012592526578977248
1994-03-29,-0.01634780220363452
1994-03-30,-0.015315644945846585
1994-03-31,0.0004937744960848978
1994-04-01,0.0
1994-04-04,-0.015366614520403332
1994-04-05,0.021347842045325693
1994-04-06,-0.0005354140118629669
1994-04-07,0.006316297660857062
1994-04-08,-0.008383602595726791
1994-04-11,0.006195457338084909
1994-04-12,-0.0051125610019170376
1994-04-13,-0.0029269109572948038
1994-04-14,0.00026889058970458457
1994-04-15,-0.0004480760895276825
1994-04-18,-0.008337445160626622
1994-04-19,0.0001808459327150569
1994-04-20,-0.0013106545818328819
1994-04-21,0.015318172825917742
1994-04-22,-0.0024513762765672187
1994-04-25,0.011348628369082459
1994-04-26,-0.001855484424345799
1994-04-28,-0.006130057413866408
1994-04-29,0.004030277296804385
1994-05-01,0.0
1994-05-02,0.004679393525151454
1994-05-03,2.209563786981228e-05
1994-05-04,-0.0028916353489252256
1994-05-05,-0.0007526705414235835
1994-05-06,-0.007886919048436747
1994-05-09,-0.012281720133191842
1994-05-10,0.008342381941365495
1994-05-11,-0.010134345490643182
1994-05-12,0.005119050976501782
1994-05-13,0.0008789062500000888
1994-05-16,0.000787984811984499
1994-05-17,0.010978885891759438
1994-05-18,0.009613475245698444
1994-05-19,0.006149592298503981
1994-05-20,-0.0034174498796191166
1994-05-23,-0.0037808871228663943
1994-05-24,0.003552483027796205
1994-05-25,0.0033640394615550573
1994-05-26,0.0015777736478965743
1994-05-27,0.0005907080363936057
1994-05-31,-0.0018148527248048607
1994-06-01,0.0024753666655257245
1994-06-02,4.367942105765188e-05
1994-06-03,0.005419012388076405
1994-06-06,-0.0027166235340778666
1994-06-07,-0.0014601059549445017
1994-06-08,-0.002509752990833891
1994-06-09,0.0017502905466282304
1994-06-10,0.0017691611018375575
1994-06-13,0.0009374771909935742
1994-06-14,0.007122607210191534
1994-06-15,-0.003806496494606959
1994-06-16,0.0028657809561190017
1994-06-17,-0.007533566825985494
1994-06-20,-0.006478353455385943
1994-06-21,-0.009089344314962222
1994-06-22,0.0038773430544583043
1994-06-23,-0.007636433121551045
1994-06-24,-0.015190305397042803
1994-06-27,0.010185207520226225
1994-06-28,-0.0027721048962527917
1994-06-29,0.003497203427667017
1994-06-30,-0.007506234685988655
1994-07-01,0.0043442574134802125
1994-07-05,0.0003809567581933848
1994-07-06,-0.0005376486703860817
1994-07-07,0.005043372952668879
1994-07-08,0.002609355674684899
1994-07-11,-0.0033144039035347683
1994-07-12,-0.00024547014275277945
1994-07-13,0.0017412629937296753
1994-07-14,0.010429417603459168
1994-07-15,0.0016541320084302313
1994-07-18,0.0023339738199015247
1994-07-19,-0.0029876013037513083
1994-07-20,-0.004979463537188145
1994-07-21,0.0022364464889208513
1994-07-22,0.0011047038646565532
1994-07-25,0.002515977765427113
1994-07-26,-0.0019593057753164445
1994-07-27,-0.0017424961462603195
1994-07-28,0.0036899990788825665
1994-07-29,0.008849990352403303
1994-08-01,0.006000960025742685
1994-08-02,-0.0009761441129229054
1994-08-03,0.0019324619010669952
1994-08-04,-0.006609639678974544
1994-08-05,-0.002857760855227154
1994-08-08,0.0017502424401243388
1994-08-09,6.551525112397094e-05
1994-08-10,0.005197358262241547
1994-08-11,-0.003084907555537253
1994-08-12,0.00666840465052565
1994-08-15,-0.0015369776406584101
1994-08-16,0.008195474468830621
1994-08-17,0.00034408649007366954
1994-08-18,-0.004299503283245687
1994-08-19,0.0011010627485850133
1994-08-22,-0.0029330257355172362
1994-08-23,0.004736983921767468
1994-08-24,0.009730660090516707
1994-08-25,-0.002025482825200431
1994-08-26,0.012220136268996429
1994-08-29,0.0016673882762257008
1994-08-30,0.00311850438852157
1994-08-31,-0.0012183441109927529
1994-09-01,-0.004879128592164661
1994-09-02,-0.004607272505640969
1994-09-06,0.0018471626472456038
1994-09-07,-0.001843756928316953
1994-09-08,0.004564904687236693
1994-09-09,-0.010483201207029058
1994-09-12,-0.004207786004361336
1994-09-13,0.0027884823027697347
1994-09-14,0.002759252209360019
1994-09-15,0.01281998703523679
1994-09-16,-0.007624092027971208
1994-09-19,-0.0007215695072666506
1994-09-20,-0.015907445375091367
1994-09-21,-0.004100470382747412
1994-09-22,-0.0004117419601363803
1994-09-23,-0.003468631439384806
1994-09-26,0.002501781414691262
1994-09-27,0.0026691125584845654
1994-09-28,0.006038326195502375
1994-09-29,-0.005593335607949057
1994-09-30,0.0010167904781774872
1994-10-01,0.0
1994-10-03,-0.0020963481200239054
1994-10-04,-0.015484892033837294
1994-10-05,-0.0023537854612696307
1994-10-06,-0.002557778466682814
1994-10-07,0.006057168716688377
1994-10-10,0.008657443174171497
1994-10-11,0.01470460063251644
1994-10-12,-0.0006870205851311484
1994-10-13,0.0049842252307013
1994-10-14,0.0028003966195613295
1994-10-17,-0.00029847505140856434
1994-10-18,-0.002772065456874473
1994-10-19,0.005602350204574114
1994-10-20,-0.0072935117051213805
1994-10-21,-0.004198332289715223
1994-10-24,-0.008733308843473786
1994-10-25,0.0015190248625920333
1994-10-26,0.002361702036213442
1994-10-27,0.006981996066793172
1994-10-28,0.01700114372950412
1994-10-31,-0.0029971989427031165
1994-11-01,-0.008320086006138427
1994-11-02,-0.004077544954009582
1994-11-03,0.0030009943349076362
1994-11-04,-0.012032238761191527
1994-11-07,0.0017089394890714704
1994-11-08,0.005571482781132175
1994-11-09,-0.0005368839327324348
1994-11-10,-0.0022131473846258576
1994-11-11,-0.00434995592934917
1994-11-14,0.007980971975114715
1994-11-15,-0.002167216863587451
1994-11-16,0.00126872747874196
1994-11-17,-0.004402705670861096
1994-11-18,-0.004530073279842006
1994-11-21,-0.006869381366825356
1994-11-22,-0.017914011943606867
1994-11-23,-0.00035549259794975807
1994-11-25,0.005245295729465305
1994-11-28,0.004134504591873478
1994-11-29,0.002223907339881981
1994-11-30,-0.0032515564353254867
1994-12-01,-0.010513762674961957
1994-12-02,0.009756692137182776
1994-12-05,4.416397923923121e-05
1994-12-06,-0.0004632973821206976
1994-12-07,-0.00414904642583791
1994-12-08,-0.012809428979829063
1994-12-09,0.0033897838290890547
1994-12-12,0.005615737009152966
1994-12-13,0.0015128766634802115
1994-12-14,0.01070755834626791
1994-12-15,0.0008132296990894794
1994-12-16,0.007598698736999587
1994-12-19,-0.0019398085321243874
1994-12-20,-0.0017689012079138422
1994-12-21,0.005491094321881107
1994-12-22,0.00015231898011358602
1994-12-23,0.0003263006849858474
1994-12-27,0.005741284225757148
1994-12-28,-0.003481341200274435
1994-12-29,0.0006727164128501606
1994-12-30,-0.004120008584123203
1995-01-01,0.0
1995-01-03,-0.00034838693129723985
1995-01-04,0.0034850169993372315
1995-01-05,-0.0008030976624121555
1995-01-06,0.00073857657512999
1995-01-09,0.00032559238271478996
1995-01-10,0.001844511269412319
1995-01-11,-4.329625279198002e-05
1995-01-12,-4.3298127438640144e-05
1995-01-13,0.009379573769321414
1995-01-16,0.007318075526699497
1995-01-17,0.0014273784634766251
1995-01-18,-0.0007233195334969134
1995-01-19,-0.005875921948130025
1995-01-20,-0.004647207133538389
1995-01-23,0.002237636188418879
1995-01-24,8.582290737879639e-05
1995-01-25,0.0033916136597380575
1995-01-26,0.001882604993616921
1995-01-27,0.004420070233697393
1995-01-30,-0.003996693858855815
1995-01-31,0.004076761696222508
1995-02-01,-4.2556716718156196e-05
1995-02-02,0.005080813519235283
1995-02-03,0.012394477983148189
1995-02-06,0.0052021744149266524
1995-02-07,-0.0006859065548412424
1995-02-08,0.0007903431391651505
1995-02-09,-0.0020781811652909044
1995-02-10,0.0026447635461275265
1995-02-13,0.0003946380691612905
1995-02-14,0.0018685641189435387
1995-02-15,0.004123968090963714
1995-02-16,0.0014033777681707882
1995-02-17,-0.006697992646271245
1995-02-21,0.00155611344710338
1995-02-22,0.004868259234282579
1995-02-23,0.0037932593442346896
1995-02-24,0.002464483539931228
1995-02-27,-0.008809464919820598
1995-02-28,0.00739963437694402
1995-03-01,-0.0035700787863046646
1995-03-02,-0.0010707073411035939
1995-03-03,0.0005977955228555487
1995-03-06,0.0004325974398857735
1995-03-07,-0.007227744847586148
1995-03-08,0.0021156963859216837
1995-03-09,4.13731280080043e-05
1995-03-10,0.013266834203006894
1995-03-13,0.0009804123242218576
1995-03-14,0.005795381953296985
1995-03-15,-0.0020491585051594097
1995-03-16,0.007176544572365495
1995-03-17,0.00022200874174815866
1995-03-20,0.0012512626100105173
1995-03-21,-0.0021566640315777708
1995-03-22,0.001211962135938327
1995-03-23,0.0005648894863754528
1995-03-24,0.01012196570241497
1995-03-27,0.004451386272420033
1995-03-28,0.001391060557377699
1995-03-29,-0.001547923772067139
1995-03-30,-0.0017888255390738905
1995-03-31,-0.0030066699095112615
1995-04-01,0.0
1995-04-03,0.0022767962850602785
1995-04-04,0.006754974772601896
1995-04-05,0.0006531887740925946
1995-04-06,0.001008721325748807
1995-04-07,0.0006718836241119686
1995-04-10,0.0011650336129040983
1995-04-11,-0.0029190961870995125
1995-04-12,0.0032441490166708054
1995-04-13,0.0040617495199906095
1995-04-17,-0.006087634343292625
1995-04-18,-0.0015016097806748174
1995-04-19,-0.0008904004863778958
1995-04-20,0.0007327796628138206
1995-04-21,0.0063329605480781925
1995-04-24,0.008653119035901602
1995-04-25,-0.001540367408091492
1995-04-26,0.00109353170336135
1995-04-27,0.0017360720459183021
1995-04-28,0.0022588534850771502
1995-05-01,-0.0008743023990606114
1995-05-02,0.0011666775066001556
1995-05-03,0.010915579530520247
1995-05-04,0.00011527351837758992
1995-05-05,-0.0008068216234761172
1995-05-08,0.00738296333830335
1995-05-09,-0.0007634636179998378
1995-05-10,0.0015279773028862298
1995-05-11,1.90894917702078e-05
1995-05-12,0.0022503054842364367
1995-05-15,0.004167067818996895
1995-05-16,0.0008527157603337443
1995-05-17,-0.0021204398265977087
1995-05-18,-0.014210617432776185
1995-05-19,-0.0007506344270550303
1995-05-22,0.008590346408219984
1995-05-23,0.009433786328824967
1995-05-24,3.775798838367983e-05
1995-05-25,-3.775656277182904e-05
1995-05-26,-0.009345621730311171
1995-05-30,-0.00013369105500771195
1995-05-31,0.018755504418981106
1995-06-01,0.00016866482226229884
1995-06-02,-0.0018369238161702883
1995-06-05,0.005802643637952354
1995-06-06,-9.333046162685044e-05
1995-06-07,-0.004518687266018118
1995-06-08,-0.0014631127299736812
1995-06-09,-0.0082839736015341
1995-06-12,0.005568819236675626
1995-06-13,0.00973851503655232
1995-06-14,0.000783477137804578
1995-06-15,0.0012116697104416208
1995-06-16,0.005045468419147214
1995-06-19,0.009984538544814292
1995-06-20,-0.00044017139369545433
1995-06-21,-0.0018349297879527438
1995-06-22,0.013033617247015572
1995-06-23,-0.0024678994201953186
1995-06-26,-0.010150837472126972
1995-06-27,-0.0031242758013269034
1995-06-28,0.004240156009115648
1995-06-29,-0.001578736956652338
1995-06-30,0.0016180427137240105
1995-07-01,0.0
1995-07-03,0.004295597715408439
1995-07-05,0.0003107037266485424
1995-07-06,0.012297592275438252
1995-07-07,0.004296115317544924
1995-07-10,0.001473852528740327
1995-07-11,-0.004325226823833184
1995-07-12,0.0110133476853993
1995-07-13,0.00019609076412496762
1995-07-14,-0.0019785835143716346
1995-07-17,0.005054485667983277
1995-07-18,-0.007570281760474695
1995-07-19,-0.013394050083449849
1995-07-20,0.004646262385823663
1995-07-21,0.00014455521375156266
1995-07-24,0.005436959994531643
1995-07-25,0.008030416369785964
1995-07-26,0.0009089463336591219
1995-07-27,0.006427922305018541
1995-07-28,-0.004051481097695597
1995-07-31,-0.0015454765752525024
1995-08-01,-0.004305559763491229
1995-08-02,-0.00150101285376536
1995-08-03,-8.94556085553333e-05
1995-08-04,0.0003400491121363647
1995-08-07,0.0019501679083757661
1995-08-08,0.0006427965157769222
1995-08-09,-0.0012134275379761528
1995-08-10,-0.00403782258116403
1995-08-11,-0.004197733974754425
1995-08-14,0.008340698248978873
1995-08-15,-0.0020902256950880993
1995-08-16,0.002506334677031097
1995-08-17,-0.001660790264544909
1995-08-18,0.00030417135088001146
1995-08-21,-0.0019671260847816674
1995-08-22,0.002526444995961219
1995-08-23,-0.004253654560575693
1995-08-24,0.0005743750508042655
1995-08-25,0.004735682397348118
1995-08-28,-0.0018746435256854488
1995-08-29,0.0016993332041410625
1995-08-30,0.0016428266252790369
1995-08-31,0.001711513231665407
1995-09-01,0.0034883283897333417
1995-09-05,0.00945295793278933
1995-09-06,0.0017569443751883629
1995-09-07,0.00021045498848448752
1995-09-08,0.004190876116576092
1995-09-11,0.0021477622485168713
1995-09-12,0.004530391076579043
1995-09-13,0.003920157026490845
1995-09-14,0.008362502646962255
1995-09-15,-0.00044551973432804814
1995-09-18,-0.0009941820158729797
1995-09-19,0.0024537855892645677
1995-09-20,0.004399190808828557
1995-09-21,-0.006425037758850949
1995-09-22,-0.002178421151372234
1995-09-25,0.00013755022524253313
1995-09-26,-0.0006875516332498499
1995-09-27,-0.0006363755942926375
1995-09-28,0.008312710437312631
1995-09-29,-0.002492057939175063
1995-10-01,0.0
1995-10-02,-0.004602937261546369
1995-10-03,0.001065901436380523
1995-10-04,-0.0014940689497885407
1995-10-05,0.001995002731241202
1995-10-06,-0.00024031486065612118
1995-10-09,-0.007073074535632329
1995-10-10,-0.0014696052580758234
1995-10-11,0.003359195137479176
1995-10-12,0.006281630268279326
1995-10-13,0.0024010023541085612
1995-10-16,-0.0025149199369118858
1995-10-17,0.00643191570170476
1995-10-18,0.0011247368887488118
1995-10-19,0.005464425233752124
1995-10-20,-0.00540083350469811
1995-10-23,-0.004085425942693677
1995-10-24,0.0025296217053394354
1995-10-25,-0.006939010939897128
1995-10-26,-0.009871753548185369
1995-10-27,0.005167224398824111
1995-10-30,0.006123835981050263
1995-10-31,-0.0030004286326618113
1995-11-01,0.004677507657996571
1995-11-02,0.00941426222280728
1995-11-03,0.0014414241730362765
1995-11-06,-0.0035727946312792414
1995-11-07,-0.0036366355717142307
1995-11-08,0.009192957056055162
1995-11-09,0.0026195057298528113
1995-11-10,-0.0009102906880801287
1995-11-13,-0.0007085688536156987
1995-11-14,-0.005081900772682668
1995-11-15,0.007924865718818896
1995-11-16,0.005690626907155938
1995-11-17,0.004570228590106806
1995-11-20,-0.005366093454061693
1995-11-21,0.005679843825258546
1995-11-22,-0.0030653835969743914
1995-11-24,0.0026235732369825904
1995-11-27,0.0022501736537106076
1995-11-28,0.008531239307403515
1995-11-29,0.001962243247511042
1995-11-30,-0.0037357966501981865
1995-12-01,0.0026595063590009183
1995-12-04,0.01103827543349456
1995-12-05,0.0065180550901766665
1995-12-06,0.00404740323410846
1995-12-07,-0.006465880571741356
1995-12-08,0.0021260327424692527
1995-12-11,0.00330381409442837
1995-12-12,-0.0011944573396270863
1995-12-13,0.004702758665042772
1995-12-14,-0.007672665657350031
1995-12-15,-0.0009400831076207261
1995-12-18,-0.015462291724742672
1995-12-19,0.00843755893572462
1995-12-20,-0.009788685480478954
1995-12-21,0.0075089741139986454
1995-12-22,0.0023915575947375256
1995-12-26,0.0038401430493679722
1995-12-27,0.0003744774678129392
1995-12-28,-0.000667232128845896
1995-12-29,0.002947302763278925
1996-01-01,0.0
1996-01-02,0.007793073644808635
1996-01-03,0.000950537067700763
1996-01-04,-0.005826297358067389
1996-01-05,-0.0016027039255476216
1996-01-08,0.0028376383351162993
1996-01-09,-0.014568459472750428
1996-01-10,-0.01799988763402427
1996-01-11,0.0070345243116718414
1996-01-12,-0.0014601285557214183
1996-01-15,-0.0033066752670243282
1996-01-16,0.014370969644112108
1996-01-17,-0.003402155209901947
1996-01-18,0.0030839176282562164
1996-01-19,0.0059023196651133425
1996-01-22,0.0025660841743044838
1996-01-23,-0.0009945327069419418
1996-01-24,0.011700654714350778
1996-01-25,-0.004726099380502391
1996-01-26,0.0074388046000661845
1996-01-29,0.004182580364789246
1996-01-30,0.009499942310813747
1996-01-31,0.009315234293048924
1996-02-01,0.0038363610680125504
1996-02-02,-0.004103616557059375
1996-02-05,0.00879146575272638
1996-02-06,0.007639219353653193
1996-02-07,0.00556987218719418
1996-02-08,0.009447193878772797
1996-02-09,0.0004572496679009497
1996-02-12,0.007739563245783065
1996-02-13,-0.0014211239308467016
1996-02-14,-0.007463918188810759
1996-02-15,-0.006498077510866507
1996-02-16,-0.005128088831771627
1996-02-20,-0.01131201005528748
1996-02-21,0.011628737825599478
1996-02-22,0.01660239187001511
1996-02-23,0.000333958266055312
1996-02-26,-0.013078829419300164
1996-02-27,-0.004950391460670889
1996-02-28,-0.003847089598826181
1996-02-29,-0.006700282782813094
1996-03-01,0.006152120429189445
1996-03-04,0.009994261821944406
1996-03-05,0.007651972906734139
1996-03-06,-0.005779255789703064
1996-03-07,0.002530712291506809
1996-03-08,-0.030826931326324303
1996-03-11,0.010292059244277896
1996-03-12,-0.0045779703546260375
1996-03-13,0.002291608526201694
1996-03-14,0.003633243079742998
1996-03-15,0.0008738083587316314
1996-03-18,0.017492215621966567
1996-03-19,-0.0014709598356610343
1996-03-20,-0.002623980675244386
1996-03-21,-0.0012153882443795005
1996-03-22,0.0022027336687309162
1996-03-25,-0.0008914836528184367
1996-03-26,0.0045074038133359196
1996-03-27,-0.006217740081097323
1996-03-28,4.627652234945323e-05
1996-03-29,-0.005300956064450468
1996-04-01,0.012749776094113097
1996-04-02,0.002340460652849208
1996-04-03,0.0009461818330851468
1996-04-04,-3.052316140295108e-05
1996-04-05,0.0
1996-04-08,-0.017717188693801456
1996-04-09,-0.0031820250590512966
1996-04-10,-0.01353182455094215
1996-04-11,-0.003662205720945111
1996-04-12,0.008761414114904609
1996-04-15,0.009077866002189294
1996-04-16,0.003906690849314831
1996-04-17,-0.005255836664244229
1996-04-18,0.0031171584695710575
1996-04-19,0.002268488690178927
1996-04-22,0.00437162988853923
1996-04-23,0.005695414897555651
1996-04-24,-0.0021640230558099827
1996-04-25,0.004152778931666434
1996-04-26,0.0009037432565159875
1996-04-29,0.0010711461272903122
1996-04-30,1.530170911689943e-05
1996-05-01,0.0006268006640466339
1996-05-02,-0.017110226274282936
1996-05-03,-0.0027200099268219757
1996-05-06,-0.0012780065115073347
1996-05-07,-0.003979319615305399
1996-05-08,0.010199620320902714
1996-05-09,0.00103910369567628
1996-05-10,0.010303086869280609
1996-05-13,0.014445831897754502
1996-05-14,0.006182772384293322
1996-05-15,-0.000270421698292278
1996-05-16,-0.0008566128743622281
1996-05-17,0.00610663714775006
1996-05-20,0.0063387472750613405
1996-05-21,-0.0005793874088870776
1996-05-22,0.008413064186890473
1996-05-23,-0.003567086717840229
1996-05-24,0.003713032197670163
1996-05-28,-0.009255617760221768
1996-05-29,-0.00639660223123395
1996-05-30,0.005644333347192498
1996-05-31,-0.0038410258194971902
1996-06-01,0.0
1996-06-03,-0.002152084008719579
1996-06-04,0.00730889787973954
1996-06-05,0.008742721696439082
1996-06-06,-0.007974136438097856
1996-06-07,0.00041598182775182124
1996-06-10,-0.0017080162454626846
1996-06-11,-0.0017704155096280871
1996-06-12,-0.002876421837118559
1996-06-13,-0.0016740331728603008
1996-06-14,-0.0030991845987293765
1996-06-17,-0.001036273134648824
1996-06-18,-0.004660496288257376
1996-06-19,-0.00015100683670088433
1996-06-20,0.0002114230597554112
1996-06-21,0.007159117118734848
1996-06-24,0.003014139298066487
1996-06-25,-0.000553181028172034
1996-06-26,-0.006118307114365007
1996-06-27,0.006261342062361619
1996-06-28,0.003111236448766208
1996-07-01,0.007828459749452232
1996-07-02,-0.0033586132373357724
1996-07-03,-0.0017962336720238614
1996-07-05,-0.02224869338113511
1996-07-08,-0.007453188725763948
1996-07-09,0.0033867993488112536
1996-07-10,0.002000759921487294
1996-07-11,-0.015836988517973993
1996-07-12,0.0008053952406246179
1996-07-15,-0.02536407958419884
1996-07-16,-0.0022705504977738045
1996-07-17,0.009071108186774923
1996-07-18,0.014966786198298276
1996-07-19,-0.00750515431065768
1996-07-22,-0.007765348565382801
1996-07-23,-0.01088726856970279
1996-07-24,-0.00035090322529141016
1996-07-25,0.007212891279019917
1996-07-26,0.007494085004006834
1996-07-29,-0.007847226101507454
1996-07-30,0.00689486108360704
1996-07-31,0.007382807620987419
1996-08-01,0.015735615488918775
1996-08-02,0.019183979459767242
1996-08-05,-0.0034113870382033173
1996-08-06,0.003256478011701258
1996-08-07,0.002687231269962176
1996-08-08,-0.0023638074448079083
1996-08-09,-0.0007395995256025412
1996-08-12,0.005543035916992123
1996-08-13,-0.008366263365449322
1996-08-14,0.0028021441256158575
1996-08-15,0.00034746848145572606
1996-08-16,0.0044240993932611605
1996-08-19,0.0020594925992318824
1996-08-20,-0.001335195513845644
1996-08-21,-0.0009313571105374896
1996-08-22,0.00843518019123013
1996-08-23,-0.00544218318537304
1996-08-26,-0.0047224626714077456
1996-08-27,0.0037958961148329973
1996-08-28,-0.0023859945936628435
1996-08-29,-0.011146001371434178
1996-08-30,-0.008229440186756087
1996-09-01,0.0
1996-09-03,0.004187150891332925
1996-09-04,0.0013593821607147394
1996-09-05,-0.009411056951561969
1996-09-06,0.009608262827847547
1996-09-09,0.012323110633389645
1996-09-10,7.531004012495401e-05
1996-09-11,0.005227447237980076
1996-09-12,0.005799656736715786
1996-09-13,0.013990841498484619
1996-09-16,0.005054813166711636
1996-09-17,-0.001520480214393105
1996-09-18,-0.0021525049536212926
1996-09-19,0.002245189608716558
1996-09-20,0.005900482133052609
1996-09-23,-0.0008006183204072315
1996-09-24,-0.0012673277326943344
1996-09-25,0.0003209284330485396
1996-09-26,4.369634015999324e-05
1996-09-27,0.0004811726837725683
1996-09-30,0.0016613687817972345
1996-10-01,0.002546084059313225
1996-10-02,0.00715445601891318
1996-10-03,-0.001772280588813624
1996-10-04,0.012529218956543575
1996-10-07,0.0026801311891240243
1996-10-08,-0.003838843381490209
1996-10-09,-0.005566374075878899
1996-10-10,-0.0030571015194578166
1996-10-11,0.00870990616397016
1996-10-14,0.004110417311106174
1996-10-15,-0.0013787001924818743
1996-10-16,0.002618907441438001
1996-10-17,0.003662664056737208
1996-10-18,0.005417356883050228
1996-10-21,-0.001364665777955243
1996-10-22,-0.004620649960593859
1996-10-23,0.000990718824426473
1996-10-24,-0.0070412167437929885
1996-10-25,-0.001950754189936843
1996-10-28,-0.0052216704242549206
1996-10-29,0.0060809313240268725
1996-10-30,-0.000855275247238052
1996-10-31,0.0062348337351545435
1996-11-01,-0.0021268449791711497
1996-11-04,0.00420586392621769
1996-11-05,0.010484958024240987
1996-11-06,0.014633001922145006
1996-11-07,0.004223074352642353
1996-11-08,0.004356466438256268
1996-11-11,0.0014367255718861216
1996-11-12,-0.0031562949349001057
1996-11-13,0.002151992062986885
1996-11-14,0.006496792592667999
1996-11-15,0.0023645026673229097
1996-11-18,-0.0008133938747717506
1996-11-19,0.006973967432458927
1996-11-20,0.0024119315609485437
1996-11-21,-0.001613028009061046
1996-11-22,0.008051134929316639
1996-11-25,0.011085503512132222
1996-11-26,-0.001413427846729598
1996-11-27,-0.0012699374897512383
1996-11-29,0.0026755225579471187
1996-12-01,0.0
1996-12-02,-0.0006076747784571346
1996-12-03,-0.010944232167228063
1996-12-04,-0.004249817697160263
1996-12-05,-0.0009662739588185421
1996-12-06,-0.006421490724522472
1996-12-09,0.013737201886247163
1996-12-10,-0.0029609897958884357
1996-12-11,-0.00910987740958602
1996-12-12,-0.015430714264526024
1996-12-13,-0.0009049405670887856
1996-12-16,-0.010512782753749006
1996-12-17,0.00701822199737645
1996-12-18,0.00757534043089958
1996-12-19,0.01943848889383548
1996-12-20,0.0041702227403424
1996-12-23,-0.0026039395619343875
1996-12-24,0.005502659562949708
1996-12-26,0.006377878167971751
1996-12-27,0.0012833355742445374
1996-12-30,-0.0038848326837912506
1996-12-31,-0.01739070873003956
1997-01-01,0.0
1997-01-02,-0.0050354787346769125
1997-01-03,0.014952333598229561
1997-01-06,-0.0005080075236680859
1997-01-07,0.007463326252226787
1997-01-08,-0.00639911773190327
1997-01-09,0.008604912644800677
1997-01-10,0.006160196813218333
1997-01-13,1.317941491119079e-05
1997-01-14,0.01231053635332957
1997-01-15,-0.0021590057697855602
1997-01-16,0.003323758801349719
1997-01-17,0.00834034804827044
1997-01-20,0.0006828778599343721
1997-01-21,0.007750686753548175
1997-01-22,0.004484374868411578
1997-01-23,-0.011027286068367892
1997-01-24,-0.009053935451216688
1997-01-27,-0.007138036469637732
1997-01-28,0.0
1997-01-29,0.009777496376282002
1997-01-30,0.015106773993729838
1997-01-31,0.002537702638131911
1997-02-01,0.0
1997-02-03,0.0007250525894098026
1997-02-04,0.003215880110946756
1997-02-05,-0.01391174053276889
1997-02-06,0.0024027278701690413
1997-02-07,0.012061748189521104
1997-02-10,-0.005230767637143363
1997-02-11,0.005296505377284211
1997-02-12,0.01669219750440676
1997-02-13,0.011273450144853703
1997-02-14,-0.004114245553614282
1997-02-18,0.009660100122782955
1997-02-19,-0.004655193491597043
1997-02-20,-0.011926303779583813
1997-02-21,-0.0012829699518933646
1997-02-24,0.010614028410042442
1997-02-25,0.0021597471697760717
1997-02-26,-0.00781995294754323
1997-02-27,-0.013168982037552124
1997-02-28,-0.005345441232657233
1997-03-01,0.0
1997-03-03,0.005677638644433269
1997-03-04,-0.0054821206384260135
1997-03-05,0.013957870733876554
1997-03-06,-0.0042768522270195675
1997-03-07,0.008026914901983817
1997-03-10,0.010783077663575114
1997-03-11,-0.0028390554775159504
1997-03-12,-0.008726325406727353
1997-03-13,-0.018277686355827938
1997-03-14,0.004572148237910856
1997-03-17,0.0032023892951427158
1997-03-18,-0.007603333703308457
1997-03-19,-0.004926112181919184
1997-03-20,-0.003970621224577586
1997-03-21,0.0018526175514534948
1997-03-24,0.008659659831548927
1997-03-25,-0.0023012141897224003
1997-03-26,0.0018122507033697666
1997-03-27,-0.02102466175482287
1997-03-31,-0.021657116943036847
1997-04-01,0.0033284281850989306
1997-04-02,-0.012545454574671822
1997-04-03,0.00027998823740205125
1997-04-04,0.01010237900609301
1997-04-07,0.005581185291582802
1997-04-08,0.005235314459228757
1997-04-09,-0.007205163116002056
1997-04-10,-0.002971271105718598
1997-04-11,-0.027283278883747375
1997-04-14,0.008242331530480262
1997-04-15,0.014776855206843242
1997-04-16,0.01167328139673085
1997-04-17,-0.0023050956715425786
1997-04-18,0.005999195566965154
1997-04-21,-0.007790316999071734
1997-04-22,0.018727711937371216
1997-04-23,-0.0012522052664797334
1997-04-24,-0.0031798018795268224
1997-04-25,-0.0075339059801521335
1997-04-28,0.009916807431556762
1997-04-29,0.027284678664867057
1997-04-30,0.009180831401764067
1997-05-01,-0.003506623236605888
1997-05-02,0.018083153890862125
1997-05-05,0.021304608962664284
1997-05-06,-0.003047089966965011
1997-05-07,-0.014666104311894523
1997-05-08,0.005688941757455046
1997-05-09,0.005510471652203863
1997-05-12,0.015616216918632686
1997-05-13,-0.00540788435278039
1997-05-14,0.0034928200010519994
1997-05-15,0.006985344013390904
1997-05-16,-0.014408234917636431
1997-05-19,0.004242265177764493
1997-05-20,0.010068709321860547
1997-05-21,-0.0027445733815324447
1997-05-22,-0.004396262046508448
1997-05-23,0.013606079646915514
1997-05-27,0.003163987796283907
1997-05-28,-0.002942180197187838
1997-05-29,-0.0036944851945029944
1997-05-30,0.004975846035914611
1997-05-31,0.0
1997-06-01,0.0
1997-06-02,-0.0022634553201776875
1997-06-03,-0.00103975246708643
1997-06-04,-0.006351416049153902
1997-06-05,0.003951872233525888
1997-06-06,0.017286576498884765
1997-06-09,0.005710846404046954
1997-06-10,0.002734985641802856
1997-06-11,0.0049695328578449605
1997-06-12,0.015973428857302574
1997-06-13,0.011104065056265044
1997-06-16,0.0007052793321589146
1997-06-17,0.0005816741043660478
1997-06-18,-0.005992694096706996
1997-06-19,0.010044308258501555
1997-06-20,0.0007906791616585362
1997-06-23,-0.022343403601977396
1997-06-24,0.020168026947665618
1997-06-25,-0.008200053998346002
1997-06-26,-0.005973067882568461
1997-06-27,0.004096500030770445
1997-06-30,-0.0024343211701195466
1997-07-01,0.006654331010870429
1997-07-02,0.014589856203004237
1997-07-03,0.014258324608206419
1997-07-07,-0.005147636425312241
1997-07-08,0.007180429407275923
1997-07-09,-0.012201384460034048
1997-07-10,0.006875786654704452
1997-07-11,0.003173590236085211
1997-07-14,0.0018545318111165
1997-07-15,0.008035894557345324
1997-07-16,0.011698514707483954
1997-07-17,-0.00531720535251301
1997-07-18,-0.017507323681635767
1997-07-21,-0.002578373629451347
1997-07-22,0.023046397321924816
1997-07-23,0.0027623901408988516
1997-07-24,0.003993326902840488
1997-07-25,-0.001605880873368104
1997-07-28,-0.0024925338734754776
1997-07-29,0.006236281428998902
1997-07-30,0.010612444399477505
1997-07-31,0.002121223133561001
1997-08-01,-0.007513263958775607
1997-08-04,0.003336331583144281
1997-08-05,0.002178267232251896
1997-08-06,0.008347608857682376
1997-08-07,-0.009507252596196336
1997-08-08,-0.01855572952697193
1997-08-11,0.00370634579567497
1997-08-12,-0.011173928178361825
1997-08-13,-0.004867634747950378
1997-08-14,0.0029825816595587806
1997-08-15,-0.025909168189515053
1997-08-18,0.012966100184763407
1997-08-19,0.014816622292785242
1997-08-20,0.014405854882377334
1997-08-21,-0.015223280102869885
1997-08-22,-0.0016323547760134227
1997-08-25,-0.0036598360257582563
1997-08-26,-0.007759469898349636
1997-08-27,0.0007447730183729462
1997-08-28,-0.010977376778892212
1997-08-29,-0.004647727916673339
1997-08-31,0.0
1997-09-01,0.0
1997-09-02,0.03125178972316878
1997-09-03,0.000301826534164773
1997-09-04,0.003244034459018552
1997-09-05,-0.001955168104854077
1997-09-08,0.002314218225404785
1997-09-09,0.0025987788642964915
1997-09-10,-0.015627306502236094
1997-09-11,-0.007007390657662538
1997-09-12,0.012404196798060374
1997-09-15,-0.0044809058605470575
1997-09-16,0.028126590960609654
1997-09-17,-0.0027917755250860266
1997-09-18,0.004549287409696401
1997-09-19,0.0033992038477876907
1997-09-22,0.0
1997-09-23,-0.0
1997-09-24,-0.0
1997-09-25,-0.006956216606050281
1997-09-26,0.007793922410362697
1997-09-29,0.008590652339162341
1997-09-30,-0.006356596164940553
1997-10-01,0.008582408154102827
1997-10-02,0.005285740122121352
1997-10-03,0.004758144243039553
1997-10-06,0.007937549000534672
1997-10-07,0.010722833224976469
1997-10-08,-0.00943930375519686
1997-10-09,-0.0033065304870233403
1997-10-10,-0.0037501954078310584
1997-10-13,0.001158240232279173
1997-10-14,0.002251889025839615
1997-10-15,-0.0046997345674058
1997-10-16,-0.010841621816624514
1997-10-17,-0.011609554415565326
1997-10-20,0.012127195107516586
1997-10-21,0.017444401168725365
1997-10-22,-0.003898094117227524
1997-10-23,-0.01837911384986146
1997-10-24,-0.009519388833087561
1997-10-27,-0.06865683637945197
1997-10-28,0.051152220494071754
1997-10-29,-0.002918047960782877
1997-10-30,-0.016841443188383765
1997-10-31,0.012106058040538326
1997-11-01,0.0
1997-11-03,0.026644940245445836
1997-11-04,0.00188502492002951
1997-11-05,0.0021259407067040215
1997-11-06,-0.005017162819545007
1997-11-07,-0.011215013595178402
1997-11-10,-0.006878637228319162
1997-11-11,0.002876927686662034
1997-11-12,-0.019290314532759756
1997-11-13,0.01181062178502823
1997-11-14,0.012752823057501361
1997-11-17,0.019227701934098285
1997-11-18,-0.0
1997-11-19,0.0
1997-11-20,0.0
1997-11-21,0.0
1997-11-24,-0.0
1997-11-25,0.0
1997-11-26,0.0
1997-11-27,0.0
1997-11-28,0.0
1997-11-30,0.0
1997-12-01,0.0
1997-12-02,-0.0
1997-12-03,0.0
1997-12-04,-0.0
1997-12-05,0.0
1997-12-08,-0.0
1997-12-09,-0.0
1997-12-10,-0.006138731158340627
1997-12-11,-0.0
1997-12-12,-0.0016231258393261117
1997-12-15,0.010488886863040614
1997-12-16,0.0
1997-12-17,-0.0
1997-12-18,-0.0
1997-12-19,-0.008918620961963386
1997-12-22,0.007308965859044836
1997-12-23,-0.015277348367125576
1997-12-24,-0.006846754594518112
1997-12-26,0.00403131737580642
1997-12-29,0.018035957987509788
1997-12-30,0.01834588736290854
1997-12-31,-0.0
1998-01-01,0.0
1998-01-02,0.0
1998-01-05,0.0
1998-01-06,-0.0
1998-01-07,-0.0
1998-01-08,-0.00824690062970046
1998-01-09,-0.029663705573629295
1998-01-12,0.012417962359120738
1998-01-13,0.013745565786676739
1998-01-14,0.006112682596800756
1998-01-15,-0.007526590344156037
1998-01-16,0.011338686607484494
1998-01-19,0.0
1998-01-20,0.01777409038568223
1998-01-21,-0.0
1998-01-22,-0.0
1998-01-23,-0.005659112078647555
1998-01-26,-0.000668359768260296
1998-01-27,0.01261299667720528
1998-01-28,0.0
1998-01-29,0.0
1998-01-30,-0.0
1998-01-31,0.0
1998-02-01,0.0
1998-02-02,0.0
1998-02-03,0.0
1998-02-04,0.0
1998-02-05,-0.0
1998-02-06,0.0
1998-02-09,-0.0
1998-02-10,0.0
1998-02-11,0.0009813446290189987
1998-02-12,0.004048984660220523
1998-02-13,-0.003954525489719307
1998-02-16,0.0
1998-02-17,0.0026173992881655117
1998-02-18,0.009112544683085755
1998-02-19,-0.0036818143163427353
1998-02-20,0.005766845092459727
1998-02-23,0.0038000540116389647
1998-02-24,-0.007301477592359662
1998-02-25,0.011974038502085005
1998-02-26,0.005532667941485325
1998-02-27,0.0006388299912520878
1998-02-28,0.0
1998-03-01,0.0
1998-03-02,-0.001562901158687291
1998-03-03,0.004123383182888407
1998-03-04,-0.0044581504054003185
1998-03-05,-0.011724965141664767
1998-03-06,0.01994096092405706
1998-03-09,-0.0032015866401055026
1998-03-10,0.011346410032615273
1998-03-11,0.003965206204486815
1998-03-12,0.0013571492713391198
1998-03-13,-0.001224445322959955
1998-03-16,0.009975607869863179
1998-03-17,0.0010932682454549703
1998-03-18,0.004692552722017185
1998-03-19,0.0038875107111771
1998-03-20,0.008644304173224482
1998-03-23,-0.0032843127836763575
1998-03-24,0.009219090991544387
1998-03-25,-0.003364510126155351
1998-03-26,-0.0010254778685879762
1998-03-27,-0.004869283415803949
1998-03-30,-0.0016796592407891664
1998-03-31,0.007452473112662394
1998-04-01,0.005808962481563373
1998-04-02,0.010702508767107988
1998-04-03,0.002401711933639694
1998-04-06,-0.001175689272707947
1998-04-07,-0.010549462272536059
1998-04-08,-0.007120025295304422
1998-04-09,0.00818773597000333
1998-04-13,-0.0008824425799591751
1998-04-14,0.0054610376895642965
1998-04-15,0.0031995933578869984
1998-04-16,-0.009961318370780292
1998-04-17,0.013129687846471505
1998-04-20,0.0008283933083998996
1998-04-21,0.002687686971594827
1998-04-22,0.0034348966123531888
1998-04-23,-0.009694555370989955
1998-04-24,-0.010432422961361487
1998-04-27,-0.019279704739477044
1998-04-28,-0.001316153716867552
1998-04-29,0.00876409755140517
1998-04-30,0.01564927094263302
1998-05-01,0.008320215875871284
1998-05-04,0.0009544569929191837
1998-05-05,-0.005855202085031097
1998-05-06,-0.00948449668730389
1998-05-07,-0.00885134571543622
1998-05-08,0.011870628254025739
1998-05-11,-0.0013536195608602197
1998-05-12,0.008268293476600297
1998-05-13,0.0027513655630426737
1998-05-14,-0.0013317039253190055
1998-05-15,-0.007732456291285494
1998-05-18,-0.0026246554444727677
1998-05-19,0.003345999730430149
1998-05-20,0.008598347839212872
1998-05-21,-0.003949782597787332
1998-05-22,-0.0037411575849695122
1998-05-25,0.0
1998-05-26,-0.01481350383699187
1998-05-27,-0.001636203205190867
1998-05-28,0.004916542498570653
1998-05-29,-0.006177140531782199
1998-05-31,0.0
1998-06-01,0.00014670998658572465
1998-06-02,0.0020531909608576537
1998-06-03,-0.009595498175566819
1998-06-04,0.011175432290790654
1998-06-05,0.01738172141859473
1998-06-08,0.0016698556156278244
1998-06-09,0.0024110561316450507
1998-06-10,-0.005480999539948406
1998-06-11,-0.015913324680814966
1998-06-12,0.0038919128219556676
1998-06-15,-0.019866365197584446
1998-06-16,0.009823451925938809
1998-06-17,0.017947958462936953
1998-06-18,-0.000668398121384528
1998-06-19,-0.005170034191427142
1998-06-22,0.0023258406093256134
1998-06-23,0.014756963654534383
1998-06-24,0.011960816769459592
1998-06-25,-0.0031777201207729977
1998-06-26,0.0034711690398356865
1998-06-29,0.004668230930498618
1998-06-30,-0.004084378829808832
1998-07-01,0.012982513597311618
1998-07-02,-0.001863215277621344
1998-07-03,0.0
1998-07-06,0.009516505025356503
1998-07-07,-0.0023069668775373975
1998-07-08,0.010150148404028947
1998-07-09,-0.0067044584580718825
1998-07-10,0.004980231640249189
1998-07-13,0.0007386096587918001
1998-07-14,0.01063347202730247
1998-07-15,-0.002352194809953856
1998-07-16,0.00781397092531999
1998-07-17,0.002331109036723067
1998-07-20,-0.0022330098285759936
1998-07-21,-0.016071302836957013
1998-07-22,-0.0008497260078919044
1998-07-23,-0.020900588424481503
1998-07-24,0.0009212975021934966
1998-07-27,0.005671432701787937
1998-07-28,-0.014843959143840513
1998-07-29,-0.004450408179091148
1998-07-30,0.015765937780709338
1998-07-31,-0.01949333582255175
1998-08-01,0.0
1998-08-03,-0.00734391231703535
1998-08-04,-0.03624460502388427
1998-08-05,0.00868378412505244
1998-08-06,0.007582507203065747
1998-08-07,-0.00016524298168241192
1998-08-10,-0.005791855345580688
1998-08-11,-0.013073133656024583
1998-08-12,0.014256572164889514
1998-08-13,-0.008586759859625093
1998-08-14,-0.011312606444284778
1998-08-17,0.019684821402317088
1998-08-18,0.01617642503315997
1998-08-19,-0.002851337375000429
1998-08-20,-0.00588317820801687
1998-08-21,-0.00949064271094513
1998-08-24,0.006381584547725527
1998-08-25,0.00432845118651537
1998-08-26,-0.0079242662516823
1998-08-27,-0.03836963801008908
1998-08-28,-0.01481881821078046
1998-08-31,-0.06801408216529636
1998-09-01,0.03863026422468252
1998-09-02,-0.0038018518895938103
1998-09-03,-0.008298977127467855
1998-09-04,-0.00852116041982065
1998-09-07,0.0
1998-09-08,0.05089897891818196
1998-09-09,-0.016864371245647103
1998-09-10,-0.02584974105553206
1998-09-11,0.029453468251338544
1998-09-14,0.020474474455946856
1998-09-15,0.007730337600791781
1998-09-16,0.007516697203457268
1998-09-17,-0.02545241023135769
1998-09-18,0.00119743612445955
1998-09-21,0.003725149440665154
1998-09-22,0.005606061346682623
1998-09-23,0.035410740522902495
1998-09-24,-0.021921222285593123
1998-09-25,0.0019468595154135127
1998-09-28,0.0037711810540799195
1998-09-29,0.00031475282823567596
1998-09-30,-0.03051420294145435
1998-10-01,-0.03010786012248201
1998-10-02,0.016433622296224693
1998-10-05,-0.01400356908959477
1998-10-06,-0.004015912754844919
1998-10-07,-0.014127742309266167
1998-10-08,-0.011579501297220296
1998-10-09,0.026004765429357812
1998-10-12,0.013531229620381557
1998-10-13,-0.0029167133892609165
1998-10-14,0.010786129509019693
1998-10-15,0.041729197254149586
1998-10-16,0.008525192406792836
1998-10-19,0.005651133502569294
1998-10-20,0.0014495985855154103
1998-10-21,0.0
1998-10-22,0.0
1998-10-23,-0.0
1998-10-26,0.0
1998-10-27,-0.0
1998-10-28,0.0
1998-10-29,0.0
1998-10-30,0.0
1998-10-31,0.0
1998-11-01,0.0
1998-11-02,0.011768712282528293
1998-11-03,-0.0006837079725774409
1998-11-04,0.007048790434198926
1998-11-05,0.013569623789235097
1998-11-06,0.006314798548183065
1998-11-09,-0.009474113724883493
1998-11-10,-0.0017164585826061618
1998-11-11,-0.00646131122205984
1998-11-12,-0.002926063483054464
1998-11-13,0.007184487396184158
1998-11-16,0.009016473615301335
1998-11-17,0.003037276437185099
1998-11-18,0.004529047522159546
1998-11-19,0.00710366718645683
1998-11-20,0.00949155708834648
1998-11-23,0.02119368404840971
1998-11-24,-0.004393138312867251
1998-11-25,0.003279829005183643
1998-11-26,0.0
1998-11-27,0.004600302442527404
1998-11-30,-0.02407047732562262
1998-12-01,0.010011794440824673
1998-12-02,-0.00342899495985316
1998-12-03,-0.018023466682230538
1998-12-04,0.02312759772475892
1998-12-07,0.009313834006199784
1998-12-08,-0.005321164055641092
1998-12-09,0.0017860344197815348
1998-12-10,-0.015606359880971366
1998-12-11,0.0012359799678201
1998-12-14,-0.021655273744092485
1998-12-15,0.018953738002355447
1998-12-16,-0.0007653867565101669
1998-12-17,0.015525793046297087
1998-12-18,0.0068221910213486225
1998-12-21,0.012465961430455197
1998-12-22,0.0006068807900410089
1998-12-23,0.0207466901698794
1998-12-24,-0.0018477375250889327
1998-12-28,-0.0006360991335114807
1998-12-29,0.013317178018119824
1998-12-30,-0.007956132110896852
1998-12-31,-0.002191742326647539
1999-01-01,0.0
1999-01-04,-0.0009192786547409515
1999-01-05,0.013581999871776995
1999-01-06,0.022140407039631604
1999-01-07,-0.002051327020824778
1999-01-08,0.004221358425815724
1999-01-11,-0.008791505884283457
1999-01-12,-0.01928188991283797
1999-01-13,-0.004122584982213073
1999-01-14,-0.01799261387600426
1999-01-15,0.025631353056214
1999-01-18,0.0
1999-01-19,0.007029897339031033
1999-01-20,0.0036900919466353876
1999-01-21,-0.017077526237753937
1999-01-22,-0.008071903638024458
1999-01-25,0.007174429666318538
1999-01-26,0.014854437199246062
1999-01-27,-0.007298523704825199
1999-01-28,0.017857533874787945
1999-01-29,0.011277349381062507
1999-01-31,0.0
1999-02-01,-0.005188970782741387
1999-02-02,-0.008648868629713258
1999-02-03,0.00798735024262398
1999-02-04,-0.018536681983153502
1999-02-05,-0.007280767880730954
1999-02-08,0.003525895619740149
1999-02-09,-0.02221472173225858
1999-02-10,0.006093076529374519
1999-02-11,0.024919283247609947
1999-02-12,-0.019066404129777448
1999-02-15,0.0
1999-02-16,0.009543698786124155
1999-02-17,-0.014365405308491286
1999-02-18,0.010824897823471957
1999-02-19,0.0015679081212944812
1999-02-22,0.026565133490088932
1999-02-23,-0.0007546032091171329
1999-02-24,-0.013979152268299266
1999-02-25,-0.00669375098303604
1999-02-26,-0.005373458556177546
1999-02-28,0.0
1999-03-01,-0.0017522970064565158
1999-03-02,-0.008623506572724149
1999-03-03,0.0017951457950835525
1999-03-04,0.01542727395116672
1999-03-05,0.023126127603739555
1999-03-08,0.005692027199686089
1999-03-09,-0.0022530187119984557
1999-03-10,0.00546943382527787
1999-03-11,0.008423804185872408
1999-03-12,-0.002381240184580413
1999-03-15,0.009786916537147805
1999-03-16,-0.0006731674465971782
1999-03-17,-0.006552502764704982
1999-03-18,0.014431973088885552
1999-03-19,-0.013110029338412432
1999-03-22,-0.0017548270427133472
1999-03-23,-0.026884908254091733
1999-03-24,0.005110329358879895
1999-03-25,0.01686914211104029
1999-03-26,-0.005573641238056148
1999-03-29,0.02133613507591514
1999-03-30,-0.0071899399538596365
1999-03-31,-0.011055164238179871
1999-04-01,0.005713733695466017
1999-04-02,0.0
1999-04-05,0.02117925442487434
1999-04-06,-0.0024448804655806677
1999-04-07,0.006829097952002261
1999-04-08,0.012879715448639084
1999-04-09,0.0032515328953510725
1999-04-12,0.007624155065829807
1999-04-13,-0.0064845164335303185
1999-04-14,-0.015839153171199327
1999-04-15,-0.004207917607773171
1999-04-16,-0.0029103644834950204
1999-04-19,-0.02238060616470816
1999-04-20,0.012943251333374928
1999-04-21,0.022929595813888426
1999-04-22,0.016989455479172078
1999-04-23,-0.001449765812243875
1999-04-26,0.0023510804687045805
1999-04-27,0.0020293591999891447
1999-04-28,-0.008724694909324149
1999-04-29,-0.005981211124770791
1999-04-30,-0.005696851123448199
1999-05-01,0.0
1999-05-03,0.014567287099456427
1999-05-04,-0.016705672250903802
1999-05-05,0.011494037983295735
1999-05-06,-0.011326279105755788
1999-05-07,0.009721820274897208
1999-05-10,-0.003494387488382933
1999-05-11,0.011422768011404294
1999-05-12,0.006189106556530488
1999-05-13,0.0026100136317814826
1999-05-14,-0.02176139144940148
1999-05-17,0.0012632242073322697
1999-05-18,-0.004606263570684055
1999-05-19,0.008182607790465202
1999-05-20,-0.004017187901269259
1999-05-21,-0.006378642002717982
1999-05-24,-0.01777057179582986
1999-05-25,-0.01702827810375429
1999-05-26,0.015851747870256006
1999-05-27,-0.017895992681544404
1999-05-28,0.015943321103852215
1999-05-31,0.0
1999-06-01,-0.005822494510614673
1999-06-02,0.00042499097860915214
1999-06-03,0.0036530303710238243
1999-06-04,0.021707650468277162
1999-06-07,0.005098866150442527
1999-06-08,-0.012881083254637549
1999-06-09,0.000994480227014316
1999-06-10,-0.011997260953432232
1999-06-11,-0.007046201331790347
1999-06-14,0.00027827320389461896
1999-06-15,0.005533256707640932
1999-06-16,0.022479940385227604
1999-06-17,0.007133131884581978
1999-06-18,0.002194149826615366
1999-06-21,0.004587318173781441
1999-06-22,-0.009725719138018896
1999-06-23,-0.0021109278368979245
1999-06-24,-0.012962678752151513
1999-06-25,-0.0003571802981202632
1999-06-28,0.012194780148899964
1999-06-29,0.015097439407013358
1999-06-30,0.0157312594130401
1999-07-01,0.006010009568492958
1999-07-02,0.00742962146321724
1999-07-05,0.0
1999-07-06,-0.0022282425865197686
1999-07-07,0.005575879795407523
1999-07-08,-0.0010315801164594296
1999-07-09,0.006353885538316284
1999-07-12,-0.002978773746984742
1999-07-13,-0.003959629110755536
1999-07-14,0.0033080636339524183
1999-07-15,0.008189240801902642
1999-07-16,0.006498229460008442
1999-07-19,-0.00784477131971495
1999-07-20,-0.021702872374716575
1999-07-21,0.0015903445758400636
1999-07-22,-0.013282245097504752
1999-07-23,-0.0029611449066675455
1999-07-26,-0.006765171663464686
1999-07-27,0.011188903028299446
1999-07-28,0.001878473377620038
1999-07-29,-0.01784824570194765
1999-07-30,-0.009179554763739661
1999-07-31,0.0
1999-08-01,0.0
1999-08-02,-0.0005041859005442406
1999-08-03,-0.004420010467502511
1999-08-04,-0.01274417777590664
1999-08-05,0.006419836489572894
1999-08-06,-0.010215285164940968
1999-08-09,-0.0019149498647011987
1999-08-10,-0.012613649638840041
1999-08-11,0.015997751840323593
1999-08-12,-0.002895715880053773
1999-08-13,0.022739892427749764
1999-08-16,0.002327342202419924
1999-08-17,0.010061854754703559
1999-08-18,-0.008421667116656484
1999-08-19,-0.006940068003068123
1999-08-20,0.009836898032980157
1999-08-23,0.017664079731794402
1999-08-24,0.002411396220847628
1999-08-25,0.013414036716171696
1999-08-26,-0.014314786427535031
1999-08-27,-0.010088024416751051
1999-08-30,-0.017986011443339
1999-08-31,-0.0027265338124121685
1999-09-01,0.00807318320327477
1999-09-02,-0.008985223481939197
1999-09-03,0.0289058572114822
1999-09-06,0.0
1999-09-07,-0.005002828616424315
1999-09-08,-0.004665057562737274
1999-09-09,0.0026113229192217258
1999-09-10,0.0029681076076688573
1999-09-13,-0.00557094913399947
1999-09-14,-0.005832743701749354
1999-09-15,-0.01370964971962807
1999-09-16,0.00038696615018696257
1999-09-17,0.012848176481633056
1999-09-20,8.236011737361437e-05
1999-09-21,-0.02092807546746256
1999-09-22,0.002240821830718609
1999-09-23,-0.022968138634302138
1999-09-24,-0.00238208757093894
1999-09-27,0.004658102109367235
1999-09-28,-0.0008650344586961234
1999-09-29,-0.010786114944122072
1999-09-30,0.011305822335372806
1999-10-01,7.803607931511358e-05
1999-10-04,0.016986082114194057
1999-10-05,-0.002491185084179004
1999-10-06,0.018480846259129047
1999-10-07,-0.005854843536052923
1999-10-08,0.01394918542126744
1999-10-11,-0.0006063221972034682
1999-10-12,-0.01660407166183342
1999-10-13,-0.020936140114967583
1999-10-14,-0.001656882114200231
1999-10-15,-0.028057852092544855
1999-10-18,0.005387138566304905
1999-10-19,0.005733011233489904
1999-10-20,0.022286262501895582
1999-10-21,-0.004513675125397465
1999-10-22,0.014054143601538893
1999-10-25,-0.0061614254068487195
1999-10-26,-0.009059754844034207
1999-10-27,0.011545214845972485
1999-10-28,0.03526615962422919
1999-10-29,0.01526333631225496
1999-10-31,0.0
1999-11-01,-0.00646405776273129
1999-11-02,-0.004711550605425052
1999-11-03,0.005334904008682084
1999-11-04,0.005690301810328702
1999-11-05,0.005570044721070921
1999-11-08,0.004948095862386204
1999-11-09,-0.008518442411864946
1999-11-10,0.00599139477989552
1999-11-11,0.005824705653988849
1999-11-12,0.010568599937085255
1999-11-15,-0.00119625508589849
1999-11-16,0.018416606093596855
1999-11-17,-0.006591214310268323
1999-11-18,0.010087105686340525
1999-11-19,-0.0020632037328875974
1999-11-22,-0.0007454701784458395
1999-11-23,-0.0114712285036348
1999-11-24,0.008856319965627302
1999-11-25,0.0
1999-11-26,-0.00032458361684872816
1999-11-29,-0.0062049378752223605
1999-11-30,-0.01343906754763291
1999-12-01,0.00634305772629884
1999-12-02,0.008098953006788978
1999-12-03,0.01721740269479244
1999-12-06,-0.006956040210554071
1999-12-07,-0.00994843960751357
1999-12-08,-0.0037540104441117217
1999-12-09,0.0030130641180425854
1999-12-10,0.0063418722996329
1999-12-13,-0.001284415619320911
1999-12-14,-0.008514525661919348
1999-12-15,0.007240684871527181
1999-12-16,0.003856193112471429
1999-12-17,0.0015858695171477866
1999-12-20,-0.002068966465133215
1999-12-21,0.010817429260739031
1999-12-22,0.0018835597627420153
1999-12-23,0.01546514651318942
1999-12-24,0.0
1999-12-27,-0.0008502751508133732
1999-12-28,0.0003843652481874127
1999-12-29,0.003978929669342657
1999-12-30,0.0006901519635549302
1999-12-31,0.0032639995305467906
2000-01-01,0.0
2000-01-03,-0.009549109611621587
2000-01-04,-0.03834466807849768
2000-01-05,0.0019221829913671495
2000-01-06,0.0009556781096431433
2000-01-07,0.027090399268961063
2000-01-10,0.011189969413615053
2000-01-11,-0.013062511876438365
2000-01-12,-0.004386371327394056
2000-01-13,0.012169700618563484
2000-01-14,0.010671299962722536
2000-01-17,0.0
2000-01-18,-0.00683207152771137
2000-01-19,0.0005222932212531894
2000-01-20,-0.007095321074094607
2000-01-21,-0.0029123190810015354
2000-01-24,-0.027633593591799732
2000-01-25,0.006064800483985611
2000-01-26,-0.00421272125638672
2000-01-27,-0.00393842799334565
2000-01-28,-0.027456829027902918
2000-01-31,0.025217566974388372
2000-02-01,0.01062781920924527
2000-02-02,-0.00011355740261742575
2000-02-03,0.011248137590027962
2000-02-04,-0.000421044371651913
2000-02-07,-9.127184878798822e-05
2000-02-08,0.012273198750635705
2000-02-09,-0.02081542211764542
2000-02-10,0.0036268038470079755
2000-02-11,-0.02096932014356223
2000-02-14,0.0020329505010301396
2000-02-15,0.008712683952101452
2000-02-16,-0.01025641338184169
2000-02-17,0.0004251484874857603
2000-02-18,-0.030376185763956398
2000-02-21,0.0
2000-02-22,0.0045168438064202565
2000-02-23,0.006300906826835595
2000-02-24,-0.005335445992795007
2000-02-25,-0.01482903996726348
2000-02-28,0.0110173273819143
2000-02-29,0.013627086867551208
2000-03-01,0.009345513861218402
2000-03-02,0.001863462226787016
2000-03-03,0.019837044049593633
2000-03-06,-0.012695426449990443
2000-03-07,-0.02563109757114057
2000-03-08,0.008173349533495022
2000-03-09,0.025601808359159595
2000-03-10,-0.004722866963392747
2000-03-13,-0.008207438775620024
2000-03-14,-0.017685470569578254
2000-03-15,0.02427251564712085
2000-03-16,0.047646038011081915
2000-03-17,0.0041139002657062385
2000-03-20,-0.005353449355160467
2000-03-21,0.025565854135601862
2000-03-22,0.004531866597078826
2000-03-23,0.017799046191472767
2000-03-24,7.20105760438905e-05
2000-03-27,-0.0023568379388013705
2000-03-28,-0.01058496517912777
2000-03-29,0.0005239924076154701
2000-03-30,-0.013655752206946925
2000-03-31,0.007164304394414511
2000-04-01,0.0
2000-04-03,0.004931344916619063
2000-04-04,-0.007463621754109195
2000-04-05,-0.004923956465537893
2000-04-06,0.009392397822321596
2000-04-07,0.009997742088630579
2000-04-10,-0.007841207399263528
2000-04-11,-0.0025723483626483024
2000-04-12,-0.022271188423368282
2000-04-13,-0.018171059509909937
2000-04-14,-0.05827793670488546
2000-04-17,0.033083594440355135
2000-04-18,0.02866340737013995
2000-04-19,-0.0
2000-04-20,0.0
2000-04-24,-0.0
2000-04-25,0.03327595466837896
2000-04-26,-0.011134091282396064
2000-04-27,0.002689993591473483
2000-04-28,-0.008526055934586774
2000-04-30,0.0
2000-05-01,0.010892053802276314
2000-05-02,-0.01495655435893073
2000-05-03,-0.02156556612723426
2000-05-04,-0.0039078718057253825
2000-05-05,0.016359641218557153
2000-05-08,-0.005905195974303279
2000-05-09,-0.0084470455954464
2000-05-10,-0.020599916097947757
2000-05-11,0.01790246837893128
2000-05-12,0.009340679350512193
2000-05-15,0.022097754530216118
2000-05-16,0.0
2000-05-17,-0.0
2000-05-18,-0.0073146066676795796
2000-05-19,-0.021054689703017493
2000-05-22,-0.004428004324930623
2000-05-23,-0.01917584236203862
2000-05-24,0.01833524794749475
2000-05-25,-0.012529951527866068
2000-05-26,-0.0025334413910176323
2000-05-29,0.0
2000-05-30,0.03224186224503356
2000-05-31,-0.0013005558363676784
2000-06-01,0.01985786533339695
2000-06-02,0.01963677088181548
2000-06-05,-0.0
2000-06-06,-0.006670645210256287
2000-06-07,0.009274008017500446
2000-06-08,-0.0
2000-06-09,-0.0
2000-06-12,-0.0
2000-06-13,0.0162101946101314
2000-06-14,0.0
2000-06-15,0.0
2000-06-16,-0.0
2000-06-19,0.0
2000-06-20,-0.00676315533521199
2000-06-21,0.0021545809926770687
2000-06-22,-0.01822013689324775
2000-06-23,-0.007368282751745725
2000-06-26,0.009594360180085637
2000-06-27,-0.0
2000-06-28,0.0
2000-06-29,-0.0
2000-06-30,0.0
2000-07-01,0.0
2000-07-03,0.0
2000-07-04,0.0
2000-07-05,-0.0
2000-07-06,0.00721881278742309
2000-07-07,0.015260820774855244
2000-07-10,-0.0
2000-07-11,0.0
2000-07-12,0.0
2000-07-13,0.0019558461197182186
2000-07-14,0.0
2000-07-17,0.0
2000-07-18,-0.0
2000-07-19,-0.007886264928226638
2000-07-20,0.009183773995454336
2000-07-21,-0.01028370817491664
2000-07-24,-0.010741798669868241
2000-07-25,0.006952127904347849
2000-07-26,-0.01495447665665084
2000-07-27,-0.0019278505827550196
2000-07-28,-0.020508809597612254
2000-07-31,0.007704780858649007
2000-08-01,0.0050809807975338295
2000-08-02,0.00041720019200552905
2000-08-03,0.009633772080540837
2000-08-04,0.0
2000-08-07,0.0
2000-08-08,0.0
2000-08-09,-0.0
2000-08-10,-0.0
2000-08-11,0.0
2000-08-14,0.0
2000-08-15,-0.0
2000-08-16,-0.0
2000-08-17,0.0
2000-08-18,-0.0
2000-08-21,0.0
2000-08-22,-0.000900295838238141
2000-08-23,0.005233167879129308
2000-08-24,0.0015538742047640497
2000-08-25,-0.001233239420022958
2000-08-28,0.005071535660706283
2000-08-29,-0.002806966624138041
2000-08-30,-0.004801833415544188
2000-08-31,0.010042718395491868
2000-09-01,0.0020359797262652357
2000-09-04,0.0
2000-09-05,-0.009002060338342388
2000-09-06,-0.009840191952064758
2000-09-07,0.006875530082509629
2000-09-08,-0.0053310857921502475
2000-09-11,-0.0035061828266143014
2000-09-12,-0.00488163214185422
2000-09-13,0.001970353352285903
2000-09-14,-0.002720729855348991
2000-09-15,-0.010169654711820741
2000-09-18,-0.014531247553697058
2000-09-19,0.010654141919677285
2000-09-20,-0.005863455339817247
2000-09-21,-0.0015777950350132075
2000-09-22,-0.0002277893198147085
2000-09-25,-0.006688622785773424
2000-09-26,-0.008213913621490154
2000-09-27,-0.0004484376272270163
2000-09-28,0.02223521731685918
2000-09-29,-0.014935320624473891
2000-09-30,0.0
2000-10-01,0.0
2000-10-02,-0.00019493724023589287
2000-10-03,-0.006802545319421149
2000-10-04,0.005510133874628176
2000-10-05,0.001366559122937483
2000-10-06,-0.01900050025471689
2000-10-09,-0.004939680896059673
2000-10-10,-0.010705911750800823
2000-10-11,-0.016171398678526572
2000-10-12,-0.025509447816078445
2000-10-13,0.03338147187539642
2000-10-16,0.00032743485703057296
2000-10-17,-0.017932246367448723
2000-10-18,-0.005807511270957466
2000-10-19,0.03474328471397525
2000-10-20,0.005882977539575895
2000-10-23,-0.0008232512508464795
2000-10-24,0.001683628893244249
2000-10-25,-0.023767446770113
2000-10-26,-0.0003370818371917217
2000-10-27,0.011096138561315971
2000-10-30,0.013830353247205052
2000-10-31,0.021978171595075313
2000-11-01,-0.0057227183232284595
2000-11-02,0.004995690837657607
2000-11-03,-0.0011412043128343763
2000-11-06,0.003855077294915743
2000-11-07,-0.00022339654805025866
2000-11-08,-0.015776548078628938
2000-11-09,-0.006485591549181047
2000-11-10,-0.02439758440034645
2000-11-13,-0.010776124770198847
2000-11-14,0.023452141835934803
2000-11-15,0.0049604885672558385
2000-11-16,-0.01258453426534023
2000-11-17,-0.0033519702153833597
2000-11-20,-0.018351691957114613
2000-11-21,0.003522948031424944
2000-11-22,-0.01854751229242224
2000-11-23,0.0
2000-11-24,0.014678328439080124
2000-11-27,0.005366009872832311
2000-11-28,-0.009548029357613563
2000-11-29,0.004371028927711018
2000-11-30,-0.020105446229818358
2000-12-01,0.00021295814082167297
2000-12-04,0.007405541524307058
2000-12-05,0.03892168841532939
2000-12-06,-0.01821965029225081
2000-12-07,-0.005852864559811266
2000-12-08,0.01960475223329916
2000-12-11,0.007526105317355203
2000-12-12,-0.0065352106796403575
2000-12-13,-0.008160900128526438
2000-12-14,-0.01401476235876764
2000-12-15,-0.02146273716308178
2000-12-18,0.008070697422759565
2000-12-19,-0.012957962090040409
2000-12-20,-0.03129594524787349
2000-12-21,0.00800164080785648
2000-12-22,0.02438696498246351
2000-12-26,0.007075301948657131
2000-12-27,0.010439634692143152
2000-12-28,0.00398814569917838
2000-12-29,-0.010448008358699412
2000-12-31,0.0
2001-01-01,0.0
2001-01-02,-0.028031939394959182
2001-01-03,0.05009860597069338
2001-01-04,-0.010552474216456775
2001-01-05,-0.026242362136687403
2001-01-08,-0.0019178112844737694
2001-01-09,0.003812189227544005
2001-01-10,0.009586385482041715
2001-01-11,0.010317700515731554
2001-01-12,-0.006232870921233369
2001-01-15,0.0
2001-01-16,0.006143093008214917
2001-01-17,0.0021256143196530797
2001-01-18,0.013915319945297933
2001-01-19,-0.004028228935836542
2001-01-22,0.00026813751626653115
2001-01-23,0.013031498757798854
2001-01-24,0.0028668217760010606
2001-01-25,-0.004976939690306659
2001-01-26,-0.0018858487785236022
2001-01-29,0.006804747854681326
2001-01-30,0.007007877475295743
2001-01-31,-0.005619714800495723
2001-02-01,0.005461131971338906
2001-02-02,-0.017473989611664797
2001-02-05,0.003586658462731984
2001-02-06,-0.0015137219243971378
2001-02-07,-0.008408142690811471
2001-02-08,-0.0062346540433850794
2001-02-09,-0.013335549023706816
2001-02-12,0.011827290693833259
2001-02-13,-0.008652125638884511
2001-02-14,-0.002183807079300326
2001-02-15,0.008123549341341407
2001-02-16,-0.01890529720989631
2001-02-19,0.0
2001-02-20,-0.01735656295447041
2001-02-21,-0.018507453797223627
2001-02-22,-0.0019518296494506204
2001-02-23,-0.005555435925262753
2001-02-26,0.017489958196507338
2001-02-27,-0.00765990835073016
2001-02-28,-0.014309109209043602
2001-03-01,0.0010404044739755758
2001-03-02,-0.005679790908007298
2001-03-05,0.0058581245475575194
2001-03-06,0.00998059811609675
2001-03-07,0.006452357238200701
2001-03-08,0.0022584976129884637
2001-03-09,-0.024763940834399034
2001-03-12,-0.043180755839886786
2001-03-13,0.014828497401341068
2001-03-14,-0.02584211909800105
2001-03-15,0.005871294396720295
2001-03-16,-0.0
2001-03-19,0.0
2001-03-20,-0.0
2001-03-21,-0.0
2001-03-22,-0.0
2001-03-23,0.0
2001-03-26,0.0
2001-03-27,0.0
2001-03-28,-0.0
2001-03-29,-0.0
2001-03-30,0.010784446543313564
2001-03-31,0.0
2001-04-01,0.0
2001-04-02,-0.012461938832180275
2001-04-03,-0.03439311121472999
2001-04-04,-0.002901108987965695
2001-04-05,0.0
2001-04-06,-0.0
2001-04-09,0.0
2001-04-10,0.0
2001-04-11,-0.0
2001-04-12,0.015104328135851386
2001-04-16,-0.0032276690232889704
2001-04-17,0.010282453148762638
2001-04-18,0.03889040476854766
2001-04-19,0.01254273017853591
2001-04-20,-0.008542750949638078
2001-04-23,-0.014980124708175557
2001-04-24,-0.012161467890639988
2001-04-25,0.01594089126964149
2001-04-26,0.004695844989827114
2001-04-27,0.0150099058773554
2001-04-30,-0.0028650794068301177
2001-05-01,0.013589855617309743
2001-05-02,0.0007818075475320985
2001-05-03,-0.01487269265949498
2001-05-04,0.0144404282716879
2001-05-07,-0.0024474586666685116
2001-05-08,-0.0018282867376558931
2001-05-09,-0.004487719892564135
2001-05-10,-0.0002867175401520816
2001-05-11,-0.007576610015040175
2001-05-14,0.0026090376145728733
2001-05-15,0.0004162776179772454
2001-05-16,0.02845278724491007
2001-05-17,0.0027237566258095924
2001-05-18,0.0026930521225809745
2001-05-21,0.01615374759914645
2001-05-22,-0.002627873591674268
2001-05-23,-0.015526398737474967
2001-05-24,0.003196148296129353
2001-05-25,-0.011815947460596443
2001-05-28,0.0
2001-05-29,-0.007794067426248774
2001-05-30,-0.015655514748746047
2001-05-31,0.006201517937073353
2001-06-01,0.0038620963702495903
2001-06-04,0.005108348086146242
2001-06-05,0.012990159597655815
2001-06-06,-0.010548639777156588
2001-06-07,0.005456510067294751
2001-06-08,-0.00939731891921658
2001-06-11,-0.008355953243949998
2001-06-12,0.001163881185636706
2001-06-13,-0.011346896744853119
2001-06-14,-0.017501595438172535
2001-06-15,-0.004516882772492181
2001-06-18,-0.004883174439339166
2001-06-19,0.0034341270568420956
2001-06-20,0.00870875239279778
2001-06-21,0.011364213620349783
2001-06-22,-0.009450028380182385
2001-06-25,-0.005508630297048178
2001-06-26,-0.0015099014091377594
2001-06-27,-0.004676405725775434
2001-06-28,0.012493089213528652
2001-06-29,-0.0014842165727727563
2001-06-30,0.0
2001-07-01,0.0
2001-07-02,0.010078542422369496
2001-07-03,-0.0018355161920441398
2001-07-04,0.0
2001-07-05,-0.012321245525637625
2001-07-06,-0.02349826502045349
2001-07-09,0.006878995885808203
2001-07-10,-0.014397979065223998
2001-07-11,-0.001134103356830174
2001-07-12,0.023691267149943185
2001-07-13,0.006241030816857895
2001-07-16,-0.010882881971022607
2001-07-17,0.009971300861786325
2001-07-18,-0.005541633010651026
2001-07-19,0.006052826282955781
2001-07-20,-0.003432078384125181
2001-07-23,-0.016368622611130257
2001-07-24,-0.016271634136927227
2001-07-25,0.016079857831039934
2001-07-26,0.010449532191457944
2001-07-27,0.0024023779015329705
2001-07-30,-0.0010780438338352516
2001-07-31,0.005570651237587043
2001-08-01,0.0038804135614018964
2001-08-02,0.003963999634972737
2001-08-03,-0.005242698680370639
2001-08-06,-0.01142174446908939
2001-08-07,0.0032653971820353345
2001-08-08,-0.017328125783906967
2001-08-09,-8.447236949016279e-05
2001-08-10,0.005686842621282606
2001-08-13,0.0009494562498826298
2001-08-14,-0.0038278323869295194
2001-08-15,-0.007339463130492052
2001-08-16,0.0030899429450153004
2001-08-17,-0.016663052745311324
2001-08-20,0.008124188847023373
2001-08-21,-0.012079480285459132
2001-08-22,0.0069561280612775445
2001-08-23,-0.002763292695957098
2001-08-24,0.019654319856812652
2001-08-27,-0.004827367451372688
2001-08-28,-0.015010008190401547
2001-08-29,-0.011149237684562108
2001-08-30,-0.017003925176352408
2001-08-31,0.004029943083662779
2001-09-01,0.0
2001-09-03,0.0
2001-09-04,-0.0005645959466900052
2001-09-05,-0.0010591480872195191
2001-09-06,-0.022390271651587357
2001-09-07,-0.018637016144416374
2001-09-10,0.006225947782446006
2001-09-13,0.0
2001-09-14,0.0
2001-09-17,-0.0
2001-09-18,-0.005804970478062166
2001-09-19,-0.016112491823485176
2001-09-20,-0.03105993338932478
2001-09-21,-0.01903426031711075
2001-09-24,0.038983252112168465
2001-09-25,0.008789682811224164
2001-09-26,-0.005166646648616657
2001-09-27,0.011489124142700646
2001-09-28,0.021921988175857665
2001-09-30,0.0
2001-10-01,-0.0022958986230237066
2001-10-02,0.0
2001-10-03,0.0
2001-10-04,-0.0
2001-10-05,0.0
2001-10-08,-0.0
2001-10-09,-0.0
2001-10-10,0.0
2001-10-11,0.0
2001-10-12,-0.0
2001-10-15,-0.0
2001-10-16,0.006935960961869103
2001-10-17,-0.01863264438138912
2001-10-18,-0.007873047505638664
2001-10-19,0.0
2001-10-22,0.0
2001-10-23,-0.0
2001-10-24,0.0
2001-10-25,0.0
2001-10-26,0.0
2001-10-29,-0.02381830408229002
2001-10-30,-0.017165917580863832
2001-10-31,-0.0
2001-11-01,0.0
2001-11-02,0.0
2001-11-05,0.0
2001-11-06,0.0
2001-11-07,-0.0
2001-11-08,0.0
2001-11-09,0.0015824373463944053
2001-11-12,-0.0017674593956140683
2001-11-13,0.01856340309336213
2001-11-14,0.0018611305347253637
2001-11-15,0.0009025765040018285
2001-11-16,-0.003142917294968739
2001-11-19,0.010898901254644544
2001-11-20,-0.007297642161543494
2001-11-21,-0.004927104050553632
2001-11-22,0.0
2001-11-23,0.011705879511087591
2001-11-26,0.006154770185656577
2001-11-27,-0.0068428432588011345
2001-11-28,-0.01825139666702913
2001-11-29,0.010349777973346352
2001-11-30,-0.0006577793651273423
2001-12-01,0.0
2001-12-03,-0.008381172642107582
2001-12-04,0.013187029022137864
2001-12-05,0.022318243944841498
2001-12-06,-0.0027769471250451705
2001-12-07,-0.007531417338754176
2001-12-10,-0.01586794895412269
2001-12-11,-0.0027809109295721113
2001-12-12,0.00027264903829737897
2001-12-13,-0.015557478644108724
2001-12-14,0.0033142998099990884
2001-12-17,0.010034832359149704
2001-12-18,0.007546157043874402
2001-12-19,0.005809693060869314
2001-12-20,-0.008377122022309003
2001-12-21,0.0043511098960442585
2001-12-24,-0.00020961859331847243
2001-12-26,0.004123505527849902
2001-12-27,0.006751533273525068
2001-12-28,0.003361778393112802
2001-12-31,-0.011145426658350721
2002-01-01,0.0
2002-01-02,0.005740094891362402
2002-01-03,0.009180090573510657
2002-01-04,0.006213143831922618
2002-01-07,-0.006498874255845943
2002-01-08,-0.00358836770714277
2002-01-09,-0.004798740836654547
2002-01-10,0.0012206608392113516
2002-01-11,-0.009467876684872145
2002-01-14,-0.0062761361378107505
2002-01-15,0.0
2002-01-16,-0.0
2002-01-17,0.0
2002-01-18,-0.009922071491006434
2002-01-21,0.0
2002-01-22,-0.0073342004853236276
2002-01-23,0.0
2002-01-24,0.0
2002-01-25,0.0
2002-01-28,-0.0
2002-01-29,-0.0
2002-01-30,0.0
2002-01-31,0.014933956271208082
2002-02-01,-0.007078393510550951
2002-02-04,-0.0
2002-02-05,-0.0
2002-02-06,-0.005972376331605855
2002-02-07,-0.0
2002-02-08,0.0
2002-02-11,0.0
2002-02-12,-0.0
2002-02-13,0.0
2002-02-14,-0.0
2002-02-15,-0.0
2002-02-18,0.0
2002-02-19,-0.0
2002-02-20,0.0
2002-02-21,-0.0
2002-02-22,0.008224261112921738
2002-02-25,0.017975196822479944
2002-02-26,-4.511219788716492e-05
2002-02-27,0.0004597250386524365
2002-02-28,-0.0028471597527511827
2002-03-01,0.022634291353989644
2002-03-04,0.019491364003959566
2002-03-05,-0.006673326804381263
2002-03-06,0.014509575331346891
2002-03-07,-0.004497863189539708
2002-03-08,0.005848626658938816
2002-03-11,0.0033925251634825404
2002-03-12,-0.002294055851038812
2002-03-13,-0.009857745214894464
2002-03-14,-0.0009097442910928066
2002-03-15,0.011378611906534442
2002-03-18,-0.000523071734310987
2002-03-19,0.004066741054269407
2002-03-20,-0.015756831948543715
2002-03-21,0.0015106049149238299
2002-03-22,-0.004238953868639261
2002-03-25,-0.014651307364919819
2002-03-26,0.005848723922133869
2002-03-27,0.005349160618494997
2002-03-28,0.002455100300232438
2002-03-31,0.0
2002-04-01,-0.0007407904680065691
2002-04-02,-0.008530037298018711
2002-04-03,-0.009993301359980666
2002-04-04,0.0008352064917889201
2002-04-05,-0.0032050583847775815
2002-04-08,0.0022802086327837756
2002-04-09,-0.006656053083536673
2002-04-10,0.011334694329529604
2002-04-11,-0.02368928851795904
2002-04-12,0.0066323594016344245
2002-04-15,-0.007614657710675932
2002-04-16,0.02341838932074425
2002-04-17,-0.0020383817702331886
2002-04-18,-0.0014208492032046216
2002-04-19,0.000622580647262394
2002-04-22,-0.015411082070602822
2002-04-23,-0.006201308314187082
2002-04-24,-0.007102843487971744
2002-04-25,-0.001518592456082879
2002-04-26,-0.013889429445308576
2002-04-29,-0.010099222963083632
2002-04-30,0.010765491857052112
2002-05-01,0.0088585192984596
2002-05-02,-0.0017487090293788476
2002-05-03,-0.010262230103922243
2002-05-06,-0.01933988124690189
2002-05-07,-0.0030209406349390733
2002-05-08,0.03750391687182497
2002-05-09,-0.014547427263143953
2002-05-10,-0.01679389695086453
2002-05-13,0.018550003829920003
2002-05-14,0.021143509403148686
2002-05-15,-0.0056595243164973
2002-05-16,0.0065623970342507665
2002-05-17,0.007612235597496797
2002-05-20,-0.01329305469220976
2002-05-21,-0.010990218656204753
2002-05-22,0.005685830481789278
2002-05-23,0.010183915880492833
2002-05-24,-0.012086639348795059
2002-05-27,0.0
2002-05-28,-0.008552986584789424
2002-05-29,-0.006411999753712316
2002-05-30,-0.0028098832062258827
2002-05-31,0.002329363730329881
2002-06-01,0.0
2002-06-03,-0.02479521016388564
2002-06-04,9.501186533977801e-06
2002-06-05,0.008849977924613395
2002-06-06,-0.019763786567754682
2002-06-07,-0.0015741097787077551
2002-06-10,0.003123958274676042
2002-06-11,-0.01662884414190635
2002-06-12,0.006570673184791209
2002-06-13,-0.010487534652553143
2002-06-14,-0.0022682931503641424
2002-06-17,0.0
2002-06-18,0.0
2002-06-19,-0.016535881531748564
2002-06-20,-0.013431516326825155
2002-06-21,-0.01704276476302169
2002-06-24,0.00361926117806477
2002-06-25,-0.0
2002-06-26,-0.0026737817448273526
2002-06-27,0.017575200391014123
2002-06-28,-0.0
2002-06-30,0.0
2002-07-01,-0.0
2002-07-02,-0.021225413761828515
2002-07-03,0.006222999094795512
2002-07-04,0.0
2002-07-05,0.036729986080767274
2002-07-08,-0.012183703700778037
2002-07-09,-0.02471899512958209
2002-07-10,-0.033962034997127355
2002-07-11,0.007496197196734
2002-07-12,-0.006448322137049933
2002-07-15,-0.003755219741529814
2002-07-16,-0.018509026145718255
2002-07-17,0.005660727209489291
2002-07-18,-0.027018653770718326
2002-07-19,-0.03835246341965115
2002-07-22,-0.03291067462584785
2002-07-23,-0.02701709341770231
2002-07-24,0.0
2002-07-25,-0.0
2002-07-26,0.0
2002-07-29,0.0
2002-07-30,0.0
2002-07-31,0.0
2002-08-01,-0.029573750155831746
2002-08-02,-0.023082295492101057
2002-08-05,-0.034296046217902276
2002-08-06,0.029918562747082378
2002-08-07,0.020010019033323
2002-08-08,0.03272238078663414
2002-08-09,0.003512018861808297
2002-08-12,-0.005326671484241707
2002-08-13,-0.021675111844325357
2002-08-14,0.040047016279607606
2002-08-15,0.011559127617117415
2002-08-16,-0.0015909491736092463
2002-08-19,0.02361186538606108
2002-08-20,-0.013958156475084027
2002-08-21,0.012726275848853996
2002-08-22,0.014051600089852956
2002-08-23,-0.022686222684675683
2002-08-26,0.007535687526151413
2002-08-27,-0.013850946477908743
2002-08-28,-0.0181318457823213
2002-08-29,-7.627150314437614e-05
2002-08-30,-0.0018849209977764847
2002-08-31,0.0
2002-09-01,0.0
2002-09-02,0.0
2002-09-03,-0.041536113494328175
2002-09-04,0.01751669044063875
2002-09-05,-0.015950301780376486
2002-09-06,0.016800270813775775
2002-09-09,0.01011280565970818
2002-09-10,0.007331437667334573
2002-09-11,-0.00014292847288843724
2002-09-12,-0.02478425285607544
2002-09-13,0.0032698069723813283
2002-09-16,0.00144972300927515
2002-09-17,-0.019728376766173672
2002-09-18,-0.0046478586269521616
2002-09-19,-0.03006465390913582
2002-09-20,0.002454592925865251
2002-09-23,-0.01382794004997523
2002-09-24,-0.017284435610766313
2002-09-25,0.024862985833457474
2002-09-26,0.01820979867033401
2002-09-27,-0.03225921597292769
2002-09-30,-0.014612526308257157
2002-10-01,0.04002298924922454
2002-10-02,-0.023587409788127234
2002-10-03,-0.01082238555898618
2002-10-04,-0.02243115555695674
2002-10-07,-0.01911112876459886
2002-10-08,0.016898377650040874
2002-10-09,-0.027286930512098406
2002-10-10,0.034965720174917836
2002-10-11,0.039058643996378484
2002-10-14,0.007326527634351487
2002-10-15,0.047335540233740314
2002-10-16,-0.024112927399144835
2002-10-17,0.022301797911908228
2002-10-18,0.00590309641645459
2002-10-21,0.017333931637368627
2002-10-22,-0.01062552557449925
2002-10-23,0.006717940240315912
2002-10-24,-0.01522085212743074
2002-10-25,0.017167166474858275
2002-10-28,-0.00826607669303625
2002-10-29,-0.009076256958267082
2002-10-30,0.0
2002-10-31,-0.0
2002-11-01,0.0
2002-11-04,0.0
2002-11-05,0.0
2002-11-06,0.0
2002-11-07,-0.022852239898237703
2002-11-08,-0.008763124096542452
2002-11-11,-0.020732266351601858
2002-11-12,0.0
2002-11-13,-0.0004756587625005526
2002-11-14,0.0
2002-11-15,0.0
2002-11-18,-0.0
2002-11-19,-0.0
2002-11-20,0.0
2002-11-21,0.0
2002-11-22,-0.003437737683221198
2002-11-25,0.002493157116385758
2002-11-26,-0.0209675492415603
2002-11-27,0.027986113835301474
2002-11-28,0.0
2002-11-29,-0.0027266794890747903
2002-11-30,0.0
2002-12-01,0.0
2002-12-02,-0.00190104587835227
2002-12-03,-0.014745410917659685
2002-12-04,-0.0034428269455946126
2002-12-05,-0.01202078193884104
2002-12-06,0.006265504111482523
2002-12-09,-0.02217640386950981
2002-12-10,0.0
2002-12-11,0.0
2002-12-12,-0.0
2002-12-13,-0.0
2002-12-16,0.0
2002-12-17,-0.0
2002-12-18,-0.0
2002-12-19,-0.0
2002-12-20,0.0
2002-12-23,0.0
2002-12-24,-0.0
2002-12-26,-0.0
2002-12-27,-0.0
2002-12-30,0.0
2002-12-31,0.0
2003-01-01,0.0
2003-01-02,0.0
2003-01-03,-0.0
2003-01-06,0.0
2003-01-07,-0.0
2003-01-08,-0.0
2003-01-09,0.0
2003-01-10,0.0
2003-01-13,-0.0
2003-01-14,0.0
2003-01-15,-0.0
2003-01-16,-0.0
2003-01-17,-0.0
2003-01-20,0.0
2003-01-21,-0.0
2003-01-22,-0.0
2003-01-23,0.0
2003-01-24,-0.0
2003-01-27,-0.0
2003-01-28,0.0
2003-01-29,0.0
2003-01-30,-0.0
2003-01-31,0.0
2003-02-01,0.0
2003-02-03,0.0
2003-02-04,-0.0
2003-02-05,-0.0
2003-02-06,-0.0
2003-02-07,-0.0
2003-02-10,0.0
2003-02-11,-0.0
2003-02-12,-0.0
2003-02-13,-0.0016001338377796825
2003-02-14,0.021434625244272754
2003-02-17,0.0
2003-02-18,0.0
2003-02-19,-0.0
2003-02-20,-0.0
2003-02-21,0.0
2003-02-24,-0.0
2003-02-25,0.0
2003-02-26,-0.0
2003-02-27,0.0
2003-02-28,0.0
2003-03-01,0.0
2003-03-03,-0.0
2003-03-04,-0.0
2003-03-05,0.0
2003-03-06,-0.0
2003-03-07,0.0
2003-03-10,-0.0
2003-03-11,-0.008359340371610902
2003-03-12,0.0043210845816348264
2003-03-13,0.03445705851668457
2003-03-14,0.0
2003-03-17,0.0
2003-03-18,0.0
2003-03-19,0.0
2003-03-20,0.0
2003-03-21,0.0
2003-03-24,-0.0
2003-03-25,0.0
2003-03-26,-0.0
2003-03-27,-0.0
2003-03-28,-0.0
2003-03-31,-0.0
2003-04-01,0.0
2003-04-02,0.0
2003-04-03,-0.0
2003-04-04,0.0
2003-04-07,0.0
2003-04-08,-0.0
2003-04-09,-0.0
2003-04-10,0.0
2003-04-11,-0.0
2003-04-14,0.0
2003-04-15,0.0
2003-04-16,-0.0
2003-04-17,0.0
2003-04-21,-0.0
2003-04-22,0.0
2003-04-23,0.0
2003-04-24,-0.0
2003-04-25,-0.0
2003-04-28,0.0
2003-04-29,0.0
2003-04-30,-0.0
2003-05-01,-0.0
2003-05-02,0.0
2003-05-05,-0.0
2003-05-06,0.0
2003-05-07,-0.0
2003-05-08,-0.0
2003-05-09,0.0
2003-05-12,0.0
2003-05-13,-0.0
2003-05-14,-0.0
2003-05-15,0.0
2003-05-16,-0.0
2003-05-19,-0.0
2003-05-20,-0.0
2003-05-21,0.0
2003-05-22,0.0
2003-05-23,0.0
2003-05-26,0.0
2003-05-27,0.0
2003-05-28,0.0
2003-05-29,-0.0
2003-05-30,0.0
2003-05-31,0.0
2003-06-01,0.0
2003-06-02,0.0
2003-06-03,0.0
2003-06-04,0.0
2003-06-05,0.0
2003-06-06,-0.0
2003-06-09,-0.011976610687702172
2003-06-10,0.009129788249726989
2003-06-11,0.012834524662487468
2003-06-12,0.001032631548545826
2003-06-13,-0.009914797365312644
2003-06-16,0.02238497001923645
2003-06-17,0.0009102072927211768
2003-06-18,-0.001551851739456156
2003-06-19,-0.01523628017232137
2003-06-20,0.0009952651274010016
2003-06-23,-0.014110805329488607
2003-06-24,0.0018438506291351686
2003-06-25,-0.00826682066388651
2003-06-26,0.01076569733128574
2003-06-27,-0.009738123135835774
2003-06-30,-0.0017618679751922883
2003-07-01,0.008024635530239799
2003-07-02,0.011635711978335683
2003-07-03,-0.00810061664701256
2003-07-04,0.0
2003-07-07,0.018991549631018012
2003-07-08,0.003404993930331335
2003-07-09,-0.005586208855366204
2003-07-10,-0.013480218187234994
2003-07-11,0.009547893521649531
2003-07-14,0.005730629590217973
2003-07-15,-0.003426775139564464
2003-07-16,-0.006327298697367145
2003-07-17,-0.012433528204499167
2003-07-18,0.011805717545607441
2003-07-21,-0.014617665429254467
2003-07-22,0.009511644538928055
2003-07-23,0.0005060165441219677
2003-07-24,-0.00709077378288081
2003-07-25,0.01740018084214845
2003-07-28,-0.002162828093455582
2003-07-29,-0.007265273243362014
2003-07-30,-0.001809436165179923
2003-07-31,0.0028557325665139466
2003-08-01,-0.010259386625984357
2003-08-04,0.0027240553421934433
2003-08-05,-0.017663443175954474
2003-08-06,0.0016779515260274547
2003-08-07,0.007279623095231225
2003-08-08,0.0035622220626565504
2003-08-11,0.0030687710774319754
2003-08-12,0.009953138889008173
2003-08-13,-0.00638152819191351
2003-08-14,0.006585145042149021
2003-08-15,0.00016150583331220325
2003-08-18,0.009155427620381795
2003-08-19,0.002610664149736097
2003-08-20,-0.0020451816659848854
2003-08-21,0.002969141032215905
2003-08-22,-0.010176743821595058
2003-08-25,0.0006545671114137619
2003-08-26,0.003039074206073522
2003-08-27,6.0194395442580984e-05
2003-08-28,0.006069532159721502
2003-08-29,0.005155341601558616
2003-08-31,0.0
2003-09-01,0.0
2003-09-02,0.013868890520244426
2003-09-03,0.0041879366116819305
2003-09-04,0.00165643655131964
2003-09-05,-0.0
2003-09-08,0.0
2003-09-09,-0.0
2003-09-10,-0.0
2003-09-11,0.0
2003-09-12,0.0
2003-09-15,-0.0
2003-09-16,0.0
2003-09-17,-0.0
2003-09-18,0.0
2003-09-19,-0.0
2003-09-22,-0.0
2003-09-23,0.0
2003-09-24,-0.0
2003-09-25,-0.0
2003-09-26,-0.0
2003-09-29,0.0
2003-09-30,-0.0
2003-10-01,0.0
2003-10-02,0.0
2003-10-03,0.0
2003-10-06,0.0
2003-10-07,0.0
2003-10-08,-0.0
2003-10-09,0.0
2003-10-10,-0.0
2003-10-13,0.0
2003-10-14,0.0
2003-10-15,-0.0
2003-10-16,0.0
2003-10-17,-0.0
2003-10-20,0.0
2003-10-21,0.0
2003-10-22,-0.0
2003-10-23,0.0
2003-10-24,-0.0
2003-10-27,0.0
2003-10-28,0.0
2003-10-29,0.0
2003-10-30,-0.0
2003-10-31,0.0
2003-11-01,0.0
2003-11-03,0.0
2003-11-04,-0.0
2003-11-05,-0.0
2003-11-06,0.0
2003-11-07,-0.0
2003-11-10,-0.0
2003-11-11,-0.0
2003-11-12,0.0
2003-11-13,-0.0
2003-11-14,-0.0
2003-11-17,-0.0
2003-11-18,-0.0
2003-11-19,0.0
2003-11-20,-0.0
2003-11-21,0.0
2003-11-24,0.0
2003-11-25,0.0
2003-11-26,0.0
2003-11-27,0.0
2003-11-28,-0.0
2003-11-30,0.0
2003-12-01,0.0
2003-12-02,-0.0
2003-12-03,-0.0
2003-12-04,0.0
2003-12-05,-0.0
2003-12-08,0.0
2003-12-09,-0.0
2003-12-10,-0.0
2003-12-11,0.0
2003-12-12,0.0
2003-12-15,-0.0
2003-12-16,0.0
2003-12-17,0.0
2003-12-18,0.0
2003-12-19,-0.0
2003-12-22,0.0
2003-12-23,0.0
2003-12-24,-0.0
2003-12-26,0.0
2003-12-29,0.0
2003-12-30,0.0
2003-12-31,0.0
2004-01-01,0.0
2004-01-02,-0.0
2004-01-05,0.0
2004-01-06,0.0
2004-01-07,0.0
2004-01-08,0.0
2004-01-09,-0.0
2004-01-12,0.0
2004-01-13,-0.0
2004-01-14,0.0
2004-01-15,0.0
2004-01-16,0.0
2004-01-19,0.0
2004-01-20,-0.0
2004-01-21,0.0
2004-01-22,-0.0
2004-01-23,-0.0
2004-01-26,0.0
2004-01-27,-0.0
2004-01-28,-0.0
2004-01-29,0.0
2004-01-30,-0.0
2004-01-31,0.0
2004-02-01,0.0
2004-02-02,0.0
2004-02-03,0.0
2004-02-04,-0.0
2004-02-05,0.0
2004-02-06,0.0
2004-02-09,-0.0
2004-02-10,0.0
2004-02-11,0.0
2004-02-12,-0.0
2004-02-13,-0.0
2004-02-16,0.0
2004-02-17,0.0
2004-02-18,-0.0
2004-02-19,-0.0
2004-02-20,-0.0
2004-02-23,-0.0
2004-02-24,-0.0
2004-02-25,0.0
2004-02-26,0.0
2004-02-27,0.0
2004-02-29,0.0
2004-03-01,0.0
2004-03-02,-0.0
2004-03-03,0.0
2004-03-04,0.0
2004-03-05,0.0
2004-03-08,-0.0
2004-03-09,-0.0
2004-03-10,-0.0
2004-03-11,-0.0
2004-03-12,0.0
2004-03-15,-0.0
2004-03-16,0.0
2004-03-17,0.0
2004-03-18,-0.0
2004-03-19,-0.0
2004-03-22,-0.0
2004-03-23,-0.0
2004-03-24,-0.0
2004-03-25,0.0
2004-03-26,-0.0
2004-03-29,0.0
2004-03-30,0.0
2004-03-31,-0.0
2004-04-01,0.0
2004-04-02,0.0
2004-04-05,0.0
2004-04-06,-0.0
2004-04-07,-0.0
2004-04-08,-0.0
2004-04-12,0.0
2004-04-13,-0.0
2004-04-14,-0.0
2004-04-15,0.0
2004-04-16,0.0
2004-04-19,0.0
2004-04-20,-0.0
2004-04-21,0.0
2004-04-22,0.0
2004-04-23,0.0
2004-04-26,-0.0
2004-04-27,0.0
2004-04-28,-0.0
2004-04-29,-0.0
2004-04-30,-0.0
2004-05-01,0.0
2004-05-03,0.0
2004-05-04,0.0
2004-05-05,0.0
2004-05-06,-0.0
2004-05-07,-0.0
2004-05-10,-0.0
2004-05-11,0.0
2004-05-12,0.0
2004-05-13,-0.0
2004-05-14,-0.0
2004-05-17,-0.0
2004-05-18,0.0
2004-05-19,-0.0
2004-05-20,0.0
2004-05-21,0.0
2004-05-24,0.0
2004-05-25,0.0
2004-05-26,0.0
2004-05-27,0.0
2004-05-28,-0.0
2004-05-31,0.0
2004-06-01,0.0
2004-06-02,0.0
2004-06-03,-0.0
2004-06-04,0.0
2004-06-07,0.0
2004-06-08,0.0
2004-06-09,-0.0
2004-06-10,0.0
2004-06-11,0.0
2004-06-14,-0.0
2004-06-15,0.0
2004-06-16,0.0
2004-06-17,-0.0
2004-06-18,0.0
2004-06-21,-0.0
2004-06-22,0.0
2004-06-23,0.0
2004-06-24,-0.0
2004-06-25,-0.0
2004-06-28,-0.0
2004-06-29,0.0
2004-06-30,0.0
2004-07-01,-0.0
2004-07-02,-0.0
2004-07-05,0.0
2004-07-06,-0.0
2004-07-07,0.0
2004-07-08,-0.0
2004-07-09,0.0
2004-07-12,0.0
2004-07-13,0.0
2004-07-14,-0.0
2004-07-15,-0.0
2004-07-16,-0.0
2004-07-19,-0.0
2004-07-20,0.0
2004-07-21,-0.0
2004-07-22,0.0
2004-07-23,-0.0
2004-07-26,-0.0
2004-07-27,0.0
2004-07-28,0.0
2004-07-29,0.0
2004-07-30,0.0
2004-07-31,0.0
2004-08-01,0.0
2004-08-02,0.0
2004-08-03,-0.0
2004-08-04,-0.0
2004-08-05,-0.0
2004-08-06,-0.0
2004-08-09,0.0
2004-08-10,0.0
2004-08-11,-0.0
2004-08-12,-0.0
2004-08-13,0.0
2004-08-16,0.0
2004-08-17,0.0
2004-08-18,0.0
2004-08-19,-0.0
2004-08-20,0.0
2004-08-23,-0.0
2004-08-24,0.0
2004-08-25,0.0
2004-08-26,0.0
2004-08-27,0.0
2004-08-30,-0.0
2004-08-31,0.0
2004-09-01,0.0
2004-09-02,0.0
2004-09-03,-0.0
2004-09-06,0.0
2004-09-07,0.0
2004-09-08,-0.0
2004-09-09,0.0
2004-09-10,0.0
2004-09-13,0.0
2004-09-14,0.0
2004-09-15,-0.0
2004-09-16,0.0
2004-09-17,0.0
2004-09-20,-0.0
2004-09-21,0.0
2004-09-22,-0.0
2004-09-23,-0.0
2004-09-24,0.0
2004-09-27,-0.0
2004-09-28,0.0
2004-09-29,0.0
2004-09-30,-0.0
2004-10-01,0.0
2004-10-04,0.0
2004-10-05,-0.0
2004-10-06,0.0
2004-10-07,-0.0
2004-10-08,-0.0
2004-10-11,0.0
2004-10-12,-0.0
2004-10-13,-0.0
2004-10-14,-0.0
2004-10-15,0.0
2004-10-18,0.0
2004-10-19,-0.0
2004-10-20,0.0
2004-10-21,0.0
2004-10-22,-0.0
2004-10-25,-0.0
2004-10-26,0.0
2004-10-27,0.0
2004-10-28,0.0
2004-10-29,0.0
2004-10-31,0.0
2004-11-01,0.0
2004-11-02,0.0
2004-11-03,0.0
2004-11-04,0.0
2004-11-05,0.0
2004-11-08,-0.0
2004-11-09,-0.0
2004-11-10,-0.0
2004-11-11,0.0
2004-11-12,0.0
2004-11-15,-0.0
2004-11-16,-0.0
2004-11-17,0.0
2004-11-18,0.0
2004-11-19,-0.0
2004-11-22,0.0
2004-11-23,-0.0
2004-11-24,0.0
2004-11-25,0.0
2004-11-26,0.0
2004-11-29,-0.0
2004-11-30,-0.0
2004-12-01,0.0
2004-12-02,-0.0
2004-12-03,0.0
2004-12-06,-0.0
2004-12-07,-0.0
2004-12-08,0.0
2004-12-09,0.0
2004-12-10,-0.0
2004-12-13,0.0
2004-12-14,0.0
2004-12-15,0.0
2004-12-16,-0.0
2004-12-17,-0.0
2004-12-20,0.0
2004-12-21,0.0
2004-12-22,0.0
2004-12-23,0.0
2004-12-27,-0.0
2004-12-28,0.0
2004-12-29,-0.0
2004-12-30,0.0
2004-12-31,-0.0
2005-01-01,0.0
2005-01-03,-0.0
2005-01-04,-0.0
2005-01-05,-0.0
2005-01-06,0.0
2005-01-07,-0.0
2005-01-10,0.0
2005-01-11,-0.0
2005-01-12,0.0
2005-01-13,-0.0
2005-01-14,0.0
2005-01-17,0.0
2005-01-18,0.0
2005-01-19,-0.0
2005-01-20,-0.0
2005-01-21,-0.0
2005-01-24,-0.0
2005-01-25,0.0
2005-01-26,0.0
2005-01-27,0.0
2005-01-28,-0.0
2005-01-31,0.0
2005-02-01,0.0
2005-02-02,0.0
2005-02-03,-0.0
2005-02-04,0.0
2005-02-07,-0.0
2005-02-08,0.0
2005-02-09,-0.0
2005-02-10,0.0
2005-02-11,0.0
2005-02-14,0.0
2005-02-15,0.0
2005-02-16,0.0
2005-02-17,-0.0
2005-02-18,0.0
2005-02-21,0.0
2005-02-22,-0.0
2005-02-23,0.0
2005-02-24,0.0
2005-02-25,0.0
2005-02-28,-0.0
2005-03-01,0.0
2005-03-02,-0.0
2005-03-03,0.0
2005-03-04,0.0
2005-03-07,0.0
2005-03-08,-0.0
2005-03-09,-0.0
2005-03-10,0.0
2005-03-11,-0.0
2005-03-14,0.0
2005-03-15,-0.0
2005-03-16,-0.0
2005-03-17,0.0
2005-03-18,-0.0
2005-03-21,-0.0
2005-03-22,-0.0
2005-03-23,0.0
2005-03-24,-0.0
2005-03-28,0.0
2005-03-29,-0.0
2005-03-30,0.0
2005-03-31,-0.0
2005-04-01,-0.0
2005-04-04,0.0
2005-04-05,0.0
2005-04-06,0.0
2005-04-07,0.0
2005-04-08,-0.0
2005-04-11,0.0
2005-04-12,0.0
2005-04-13,-0.0
2005-04-14,-0.0
2005-04-15,-0.0
2005-04-18,0.0
2005-04-19,0.0
2005-04-20,-0.0
2005-04-21,0.0
2005-04-22,-0.0
2005-04-25,0.0
2005-04-26,-0.0
2005-04-27,0.0
2005-04-28,-0.0
2005-04-29,0.0
2005-04-30,0.0
2005-05-01,0.0
2005-05-02,0.0
2005-05-03,-0.0
2005-05-04,0.0
2005-05-05,-0.0
2005-05-06,-0.0
2005-05-09,0.0
2005-05-10,-0.0
2005-05-11,0.0
2005-05-12,-0.0
2005-05-13,-0.0
2005-05-16,0.0
2005-05-17,0.0
2005-05-18,0.0
2005-05-19,0.0
2005-05-20,-0.0
2005-05-23,0.0
2005-05-24,0.0
2005-05-25,-0.0
2005-05-26,0.0
2005-05-27,0.0
2005-05-30,0.0
2005-05-31,-0.0
2005-06-01,0.0
2005-06-02,0.0
2005-06-03,-0.0
2005-06-06,0.0
2005-06-07,-0.0
2005-06-08,-0.0
2005-06-09,0.0
2005-06-10,-0.0
2005-06-13,0.0
2005-06-14,0.0
2005-06-15,0.0
2005-06-16,0.0
2005-06-17,0.0
2005-06-20,-0.0
2005-06-21,-0.0
2005-06-22,0.0
2005-06-23,-0.0
2005-06-24,-0.0
2005-06-27,-0.0
2005-06-28,0.0
2005-06-29,-0.0
2005-06-30,-0.0
2005-07-01,0.0
2005-07-04,0.0
2005-07-05,0.0
2005-07-06,-0.0
2005-07-07,0.0
2005-07-08,0.0
2005-07-11,0.0
2005-07-12,0.0
2005-07-13,0.0
2005-07-14,0.0
2005-07-15,0.0
2005-07-18,-0.0
2005-07-19,0.0
2005-07-20,0.0
2005-07-21,-0.0
2005-07-22,0.0
2005-07-25,-0.0
2005-07-26,0.0
2005-07-27,0.0
2005-07-28,0.0
2005-07-29,-0.0
2005-07-31,0.0
2005-08-01,0.0
2005-08-02,0.0
2005-08-03,0.0
2005-08-04,-0.0
2005-08-05,-0.0
2005-08-08,-0.0
2005-08-09,0.0
2005-08-10,-0.0
2005-08-11,0.0
2005-08-12,-0.0
2005-08-15,0.0
2005-08-16,-0.0
2005-08-17,0.0
2005-08-18,-0.0
2005-08-19,0.0
2005-08-22,0.0
2005-08-23,-0.0
2005-08-24,-0.0
2005-08-25,0.0
2005-08-26,-0.0
2005-08-29,0.0
2005-08-30,-0.0
2005-08-31,0.0
2005-09-01,0.0
2005-09-02,-0.0
2005-09-05,0.0
2005-09-06,0.0
2005-09-07,0.0
2005-09-08,-0.0
2005-09-09,0.0
2005-09-12,-0.0
2005-09-13,-0.0
2005-09-14,-0.0
2005-09-15,0.0
2005-09-16,0.0
2005-09-19,-0.0
2005-09-20,-0.0
2005-09-21,-0.0
2005-09-22,0.0
2005-09-23,0.0
2005-09-26,0.0
2005-09-27,0.0
2005-09-28,0.0
2005-09-29,0.0
2005-09-30,0.0
2005-10-01,0.0
2005-10-03,-0.0
2005-10-04,-0.0
2005-10-05,-0.0
2005-10-06,-0.0
2005-10-07,0.0
2005-10-10,-0.0
2005-10-11,-0.0
2005-10-12,-0.0
2005-10-13,-0.0
2005-10-14,0.0
2005-10-17,0.0
2005-10-18,-0.0
2005-10-19,0.0
2005-10-20,-0.0
2005-10-21,0.0
2005-10-24,0.0
2005-10-25,-0.0
2005-10-26,-0.0
2005-10-27,-0.0
2005-10-28,0.0
2005-10-31,0.0
2005-11-01,-0.0
2005-11-02,0.0
2005-11-03,0.0
2005-11-04,0.0
2005-11-07,0.0
2005-11-08,-0.0
2005-11-09,0.0
2005-11-10,0.0
2005-11-11,0.0
2005-11-14,-0.0
2005-11-15,-0.0
2005-11-16,0.0
2005-11-17,0.0
2005-11-18,0.0
2005-11-21,0.0
2005-11-22,0.0
2005-11-23,0.0
2005-11-24,0.0
2005-11-25,0.0
2005-11-28,-0.0
2005-11-29,0.0
2005-11-30,-0.0
2005-12-01,0.0
2005-12-02,0.0
2005-12-05,-0.0
2005-12-06,0.0
2005-12-07,-0.0
2005-12-08,-0.0
2005-12-09,0.0
2005-12-12,0.0
2005-12-13,0.005553660022141527
2005-12-14,0.004189530229214977
2005-12-15,-0.0014143099469935416
2005-12-16,-0.0028482818103757745
2005-12-19,-0.0058390167103565815
2005-12-20,-0.00023814910284736257
2005-12-21,0.0025166668976364104
2005-12-22,0.004220777714278201
2005-12-23,0.00042585801389405376
2005-12-27,-0.009553382932114052
2005-12-28,0.0012972168272717965
2005-12-29,-0.0029805192215838217
2005-12-30,-0.004886724277406218
2005-12-31,0.0
2006-01-01,0.0
2006-01-03,0.016430484201434892
2006-01-04,0.0036726922525569528
2006-01-05,1.572058161558587e-05
2006-01-06,0.009399418040885843
2006-01-09,0.0036563642465448076
2006-01-10,-0.0003566120211651036
2006-01-11,0.003481544021186611
2006-01-12,-0.006274239116809244
2006-01-13,0.0012051744764605132
2006-01-16,0.0
2006-01-17,-0.0036345878751066207
2006-01-18,-0.0038973286076955382
2006-01-19,0.005563673325403196
2006-01-20,-0.01832631522151318
2006-01-23,0.0018469873504542988
2006-01-24,0.002405436843615494
2006-01-25,-0.0017207360448914244
2006-01-26,0.0072349542612786255
2006-01-27,0.007763999112620157
2006-01-30,0.0011450867297171374
2006-01-31,-0.003976054579116317
2006-02-01,0.0018592626746127827
2006-02-02,-0.009060707913791766
2006-02-03,-0.005358610609197956
2006-02-06,0.0007832015153355076
2006-02-07,-0.008094725835381955
2006-02-08,0.008662869079354651
2006-02-09,-0.001477497792530147
2006-02-10,0.002539968082329924
2006-02-13,-0.003259698114938203
2006-02-14,0.010032817645881265
2006-02-15,0.003504402562430453
2006-02-16,0.0073281288146973544
2006-02-17,-0.0016597237744756521
2006-02-20,0.0
2006-02-21,-0.003270533054782976
2006-02-22,0.007513475466915054
2006-02-23,-0.0037751357399127272
2006-02-24,0.0012735108974994969
2006-02-27,0.0036372204857118007
2006-02-28,-0.010400860034838644
2006-03-01,0.008261330698481784
2006-03-02,-0.0016263247744955356
2006-03-03,-0.0014816343903563123
2006-03-06,-0.006968428982565
2006-03-07,-0.0018619098341728924
2006-03-08,0.0020299446737943594
2006-03-09,-0.0048808265953584895
2006-03-10,0.007223586629499623
2006-03-13,0.002114810791593591
2006-03-14,0.01039612464094386
2006-03-15,0.004269845505052494
2006-03-16,0.001772755973671547
2006-03-17,0.0014709261335852375
2006-03-20,-0.0016600068428476167
2006-03-21,-0.00601493843309675
2006-03-22,0.006020565906847075
2006-03-23,-0.002582292509284545
2006-03-24,0.000983280849487178
2006-03-27,-0.0010284092793489963
2006-03-28,-0.00643818423116127
2006-03-29,0.007469695510914587
2006-03-30,-0.002026275908753372
2006-03-31,-0.004137669588781034
2006-04-01,0.0
2006-04-03,0.002270547226863817
2006-04-04,0.006256689924245107
2006-04-05,0.004311107525869495
2006-04-06,-0.0019213908770231436
2006-04-07,-0.010343487333051349
2006-04-10,0.00086452730002895
2006-04-11,-0.007750959314195005
2006-04-12,0.0012047917274888853
2006-04-13,0.0007763251900372303
2006-04-17,-0.00294002038356056
2006-04-18,0.017077384012400332
2006-04-19,0.002027128354043395
2006-04-20,0.0011679304724923067
2006-04-21,-0.0001371994921570696
2006-04-24,-0.0024175186645771785
2006-04-25,-0.004869617378140845
2006-04-26,0.0028193371739710926
2006-04-27,0.00330159598179125
2006-04-28,0.0006795457566091123
2006-04-30,0.0
2006-05-01,-0.004135512475787029
2006-05-02,0.0061447144793416175
2006-05-03,-0.003875972595181021
2006-05-04,0.0031572064475955397
2006-05-05,0.010295301783673105
2006-05-08,-0.0008296943472687612
2006-05-09,0.0003623423794523184
2006-05-10,-0.0017281487519698047
2006-05-11,-0.012798073820219913
2006-05-12,-0.011241158123729833
2006-05-15,0.002524712516867922
2006-05-16,-0.0018694816109019463
2006-05-17,-0.01684107060376383
2006-05-18,-0.006699011316142922
2006-05-19,0.004136891022205491
2006-05-22,-0.0039147320056533985
2006-05-23,-0.004349988881771183
2006-05-24,0.0015836558786301858
2006-05-25,0.011370093999100828
2006-05-26,0.005719336676629716
2006-05-29,0.0
2006-05-30,-0.015849611392923735
2006-05-31,0.00811192483568468
2006-06-01,0.012298337548946048
2006-06-02,0.0019522363844757251
2006-06-05,-0.017799702040102394
2006-06-06,-0.0011381291499216184
2006-06-07,-0.00609245663695579
2006-06-08,0.0014170515163627329
2006-06-09,-0.004475610441298961
2006-06-12,-0.011866251571083786
2006-06-13,-0.01111165038391615
2006-06-14,0.005189302813874974
2006-06-15,0.021235077141956493
2006-06-16,-0.003677871442713476
2006-06-19,-0.009116795167204206
2006-06-20,-8.071545390841983e-06
2006-06-21,0.009740957409162698
2006-06-22,-0.005270704235182944
2006-06-23,-0.0008830889591340263
2006-06-26,0.004869472554238641
2006-06-27,-0.00908401587257579
2006-06-28,0.005487450852216691
2006-06-29,0.021565004106891994
2006-06-30,-0.002097656442177853
2006-07-01,0.0
2006-07-03,0.0078648957789349
2006-07-04,0.0
2006-07-05,-0.007248851851131444
2006-07-06,0.0024942142163870695
2006-07-07,-0.006749949675504019
2006-07-10,0.0014697864685884188
2006-07-11,0.004016355538295047
2006-07-12,-0.01086902819111013
2006-07-13,-0.012966746071534585
2006-07-14,-0.004894289517349271
2006-07-17,-0.001383239771105771
2006-07-18,0.001919817200573215
2006-07-19,0.018555110128867458
2006-07-20,-0.008477511064532206
2006-07-21,-0.007076898149718125
2006-07-24,0.016625139659086186
2006-07-25,0.0063208083741757015
2006-07-26,-0.00037827096880949096
2006-07-27,-0.004099710771126586
2006-07-28,0.012151756055729379
2006-07-31,-0.0014782484660414985
2006-08-01,-0.004496099259552078
2006-08-02,0.005106529136347682
2006-08-03,0.0022388937577111356
2006-08-04,-0.0007108142546528029
2006-08-07,-0.0028060638611625555
2006-08-08,-0.003362705657620202
2006-08-09,-0.004349285385394919
2006-08-10,0.0046290198253495785
2006-08-11,-0.003986498082096501
2006-08-14,0.0011604360124866098
2006-08-15,0.013696466399260254
2006-08-16,0.007661987579892671
2006-08-17,0.0015824295197877092
2006-08-18,0.003714946228020821
2006-08-21,-0.003670451599211977
2006-08-22,0.0010018548756436374
2006-08-23,-0.0044886560845824874
2006-08-24,0.0023743945293950297
2006-08-25,-0.0007484936882400373
2006-08-28,0.005165713311912734
2006-08-29,0.0019204473442031578
2006-08-30,0.0008356838990319915
2006-08-31,-0.0011874402153588814
2006-09-01,0.00551461380616769
2006-09-04,0.0
2006-09-05,0.0017085988800158436
2006-09-06,-0.009891483140586299
2006-09-07,-0.004799032645401269
2006-09-08,0.0037866681659510792
2006-09-11,0.00047731584409493877
2006-09-12,0.010357480749273451
2006-09-13,0.00386134523157855
2006-09-14,-0.0013579833128180008
2006-09-15,0.0025678463606395585
2006-09-18,0.0011518266007009004
2006-09-19,-0.0026794523975416373
2006-09-20,0.005722381666218412
2006-09-21,-0.005395511646919315
2006-09-22,-0.002465801178850091
2006-09-25,0.00881513680011592
2006-09-26,0.007524280936307193
2006-09-27,0.00017958636491899327
2006-09-28,0.0017133444968626677
2006-09-29,-0.0022631074374287463
2006-09-30,0.0
2006-10-01,0.0
2006-10-02,-0.00339112129330843
2006-10-03,0.0020956938790537283
2006-10-04,0.012060449286025232
2006-10-05,0.002236720219570998
2006-10-06,-0.0026824943182935934
2006-10-09,0.0007928840510640356
2006-10-10,0.0020434526052304225
2006-10-11,-0.002563943683974057
2006-10-12,0.009541098076733423
2006-10-13,0.002047239312655602
2006-10-16,0.0025190488487738527
2006-10-17,-0.0036594521432252725
2006-10-18,0.0012829441276758224
2006-10-19,0.0008492546990097605
2006-10-20,0.0011997532446470505
2006-10-23,0.006152304614580828
2006-10-24,0.0002614234698528062
2006-10-25,0.003513892900401272
2006-10-26,0.004963019994619788
2006-10-27,-0.00845163029183671
2006-10-30,0.00042842573748558266
2006-10-31,7.175759964006545e-06
2006-11-01,-0.007351469035843494
2006-11-02,-0.0003436827873022352
2006-11-03,-0.0022232342125417803
2006-11-06,0.011346463325312195
2006-11-07,0.002217698805944357
2006-11-08,0.0020826740288086842
2006-11-09,-0.005332978382845854
2006-11-10,0.0018646249021037065
2006-11-13,0.0025490763045961096
2006-11-14,0.006356399415263114
2006-11-15,0.002404484328664136
2006-11-16,0.002284213178895156
2006-11-17,0.0010287059183031744
2006-11-20,-0.0004995369656483062
2006-11-21,0.001649452762406245
2006-11-22,0.0023380978817977294
2006-11-23,0.0
2006-11-24,-0.0036555375355650233
2006-11-27,-0.013555081120842472
2006-11-28,0.0034443905034671207
2006-11-29,0.009201576407062984
2006-11-30,0.0008217512433992269
2006-12-01,-0.002798771932377986
2006-12-04,0.00888519057411008
2006-12-05,0.00400250842226435
2006-12-06,-0.0013147002592126533
2006-12-07,-0.003970546574156186
2006-12-08,0.001811941168510689
2006-12-11,0.002269813113380925
2006-12-12,-0.0010473733424651854
2006-12-13,0.0011688502615989638
2006-12-14,0.008689458492585622
2006-12-15,0.0011224039431343424
2006-12-18,-0.00323033968563613
2006-12-19,0.002158250661892236
2006-12-20,-0.0014170106008628558
2006-12-21,-0.003673951628075822
2006-12-22,-0.005316251006780903
2006-12-26,0.004352274381138388
2006-12-27,0.007015273650207154
2006-12-28,-0.0014787820653379136
2006-12-29,-0.004513087903512458
2006-12-31,0.0
2007-01-01,0.0
2007-01-02,0.0
2007-01-03,-0.0011986696634412874
2007-01-04,0.0012282862236074887
2007-01-05,-0.006084581335068839
2007-01-08,0.00222031834174663
2007-01-09,-0.00051667597633831
2007-01-10,0.0019403518584233392
2007-01-11,0.006339874091180642
2007-01-12,0.004853165737491727
2007-01-15,0.0
2007-01-16,0.000817795084526729
2007-01-17,-0.0008939376178855873
2007-01-18,-0.002970739969038294
2007-01-19,0.0028954653399542174
2007-01-22,-0.005277909002534109
2007-01-23,0.003541965097471733
2007-01-24,0.008501470410478884
2007-01-25,-0.011269802319041844
2007-01-26,-0.001207929400684371
2007-01-29,-0.001096948722968838
2007-01-30,0.005772093311412707
2007-01-31,0.006592883847806208
2007-02-01,0.005353731800087358
2007-02-02,0.0016944502133364736
2007-02-05,-0.0009666073363550076
2007-02-06,0.0006980074309024253
2007-02-07,0.0013950411127416906
2007-02-08,-0.0011792671235344443
2007-02-09,-0.0070772138460132306
2007-02-12,-0.0032613821992586445
2007-02-13,0.007597490309923183
2007-02-14,0.007644080004882037
2007-02-15,0.0010375934274453602
2007-02-16,-0.0008717811383565088
2007-02-19,0.0
2007-02-20,0.002844315193901492
2007-02-21,-0.001404450806129165
2007-02-22,-0.0008575564414925463
2007-02-23,-0.003563673944411261
2007-02-26,-0.0012541061904680628
2007-02-27,-0.034725402225963764
2007-02-28,0.005560889616694542
2007-03-01,-0.0025944345993798024
2007-03-02,-0.011402751982227732
2007-03-05,-0.009407677800631231
2007-03-06,0.01549358071940743
2007-03-07,-0.0024652707034493737
2007-03-08,0.007126622092502144
2007-03-09,0.0006776217548800645
2007-03-12,0.0026802841786919274
2007-03-13,-0.020368281609082217
2007-03-14,0.006691166660731218
2007-03-15,0.003683748343518811
2007-03-16,-0.003828308970065253
2007-03-19,0.010894486429815275
2007-03-20,0.006333453947334089
2007-03-21,0.017080881296924755
2007-03-22,-0.0003484223341437831
2007-03-23,0.001094390010953239
2007-03-26,0.0009679026415914116
2007-03-27,-0.006184358016304348
2007-03-28,-0.00796578842336182
2007-03-29,0.0037397238988494674
2007-03-30,-0.0011739955648866207
2007-03-31,0.0
2007-04-01,0.0
2007-04-02,0.0025970634085028532
2007-04-03,0.009280102663995704
2007-04-04,0.0011128174632957233
2007-04-05,0.003049955649575775
2007-04-06,0.0
2007-04-09,0.0005887235968500271
2007-04-10,0.0026166434783123638
2007-04-11,-0.006572828751212234
2007-04-12,0.006206296427920366
2007-04-13,0.0034880001295067853
2007-04-16,0.010654906376349693
2007-04-17,0.0021453110052500612
2007-04-18,0.0006931929382587576
2007-04-19,-0.0012020506154498678
2007-04-20,0.009260704070808812
2007-04-23,-0.002303986210293818
2007-04-24,-0.00035114388417389897
2007-04-25,0.010139089454322958
2007-04-26,-0.0007824182576994243
2007-04-27,-0.000120497715199952
2007-04-30,-0.007830925989064319
2007-05-01,0.002651196208694806
2007-05-02,0.0064724448638566745
2007-05-03,0.004325077887225248
2007-05-04,0.002149894792468965
2007-05-07,0.0025637181786113405
2007-05-08,-0.0011659709227004322
2007-05-09,0.0032234005292746115
2007-05-10,-0.013956277330703482
2007-05-11,0.00964149809602488
2007-05-14,-0.0017929748750863395
2007-05-15,-0.0013039836183860176
2007-05-16,0.008626538777668946
2007-05-17,-0.000918022530934981
2007-05-18,0.006610477607007059
2007-05-21,0.0015432445154737184
2007-05-22,-0.0006425680181219029
2007-05-23,-0.001207231600010017
2007-05-24,-0.009702564079535403
2007-05-25,0.00545268067865301
2007-05-29,0.0015702037391096546
2007-05-30,0.007983608061428171
2007-05-31,0.00025487322390449485
2007-06-01,0.0037370286036848555
2007-06-04,0.0018486063981995038
2007-06-05,-0.005347069382311664
2007-06-06,-0.008863742592418067
2007-06-07,-0.017569780868271323
2007-06-08,0.011370393887050856
2007-06-11,0.0009617165093236402
2007-06-12,-0.010681718597158829
2007-06-13,0.015184222334435615
2007-06-14,0.004816303381447451
2007-06-15,0.006526762620259197
2007-06-18,-0.0012133688932095543
2007-06-19,0.0017307744745367337
2007-06-20,-0.013601086272203244
2007-06-21,0.006180412864005502
2007-06-22,-0.012895816927002701
2007-06-25,-0.0032079039581859314
2007-06-26,-0.0032381959602871824
2007-06-27,0.009009338290096647
2007-06-28,-0.0004182355225962331
2007-06-29,-0.0015673572021088766
2007-06-30,0.0
2007-07-01,0.0
2007-07-02,0.010696164157472765
2007-07-03,0.0035802512876219605
2007-07-04,0.0
2007-07-05,0.0003475898263931576
2007-07-06,0.0033039969263952695
2007-07-09,0.0009213260458897921
2007-07-10,-0.014185449499020453
2007-07-11,0.00572140934255172
2007-07-12,0.01905497986526261
2007-07-13,0.003101407882381002
2007-07-16,-0.0019194721215780586
2007-07-17,-9.681992628141067e-05
2007-07-18,-0.0020653240878290013
2007-07-19,0.0044690505655788915
2007-07-20,-0.012220864994591185
2007-07-23,0.004869285458577677
2007-07-24,-0.01980442554686246
2007-07-25,0.004665612144987508
2007-07-26,-0.02333849273648292
2007-07-27,-0.01599158435597181
2007-07-30,0.010254006997153065
2007-07-31,-0.012646643428824822
2007-08-01,0.007242669003718616
2007-08-02,0.004359290987711706
2007-08-03,-0.026585989591270898
2007-08-06,0.024151105980530163
2007-08-07,0.006159366016551537
2007-08-08,0.014071842031649018
2007-08-09,-0.029649630183580356
2007-08-10,0.0003785373521689728
2007-08-13,-0.0004952881702965373
2007-08-14,-0.018156542744898196
2007-08-15,-0.013907838088907498
2007-08-16,0.003248786889889166
2007-08-17,0.024566469488606746
2007-08-20,-0.0002696464541576127
2007-08-21,0.0010860546062276821
2007-08-22,0.011712885751746116
2007-08-23,-0.001072316451165345
2007-08-24,0.011535039396367575
2007-08-27,-0.008503590106740622
2007-08-28,-0.023473062124790167
2007-08-29,0.021921880487575596
2007-08-30,-0.0041810099171704085
2007-08-31,0.011216744478492524
2007-09-01,0.0
2007-09-03,0.0
2007-09-04,0.01046822150297233
2007-09-05,-0.011501124180816724
2007-09-06,0.0042518862449216765
2007-09-07,-0.016908457052106307
2007-09-10,-0.0012728131774627505
2007-09-11,0.013632320540153398
2007-09-12,4.761728577151736e-05
2007-09-13,0.008419562970447103
2007-09-14,0.0002021960564695391
2007-09-17,-0.0051204147454522175
2007-09-18,0.02920800742879237
2007-09-19,0.0060864071258255326
2007-09-20,-0.00672323571146749
2007-09-21,0.004609053497942384
2007-09-24,-0.0052564440643945165
2007-09-25,-0.00034262980763510864
2007-09-26,0.005411303128236344
2007-09-27,0.003907094941590916
2007-09-28,-0.0030234199663373706
2007-09-30,0.0
2007-10-01,0.013289693179957318
2007-10-02,-0.00026504432292262514
2007-10-03,-0.004551857289897487
2007-10-04,0.002110951663853111
2007-10-05,0.009560291622441541
2007-10-08,-0.003216513893620543
2007-10-09,0.008096245420633474
2007-10-10,-0.00171233023616435
2007-10-11,-0.005158458514124553
2007-10-12,0.004754224745041169
2007-10-15,-0.00838141086014621
2007-10-16,-0.006573168570868315
2007-10-17,0.0017613961937021916
2007-10-18,-0.0007526629123547623
2007-10-19,-0.025615521464831148
2007-10-22,0.003798372119262039
2007-10-23,0.008802858704579641
2007-10-24,-0.0024414223711310967
2007-10-25,-0.0009763176926820272
2007-10-26,0.013787641670760742
2007-10-29,0.0037126459428287184
2007-10-30,-0.006463394115263088
2007-10-31,0.011991995609034412
2007-11-01,-0.026423513500588247
2007-11-02,0.0008022082779672868
2007-11-05,-0.004954777827830159
2007-11-06,0.012049218834373487
2007-11-07,-0.02936979868078282
2007-11-08,-0.0005760125159255391
2007-11-09,-0.014287019725334527
2007-11-12,-0.009988235501578235
2007-11-13,0.029092951232353004
2007-11-14,-0.007069371343474851
2007-11-15,-0.013212427900045731
2007-11-16,0.005230310920731451
2007-11-19,-0.017460253968243356
2007-11-20,0.004486196985218349
2007-11-21,-0.015926882279853283
2007-11-22,0.0
2007-11-23,0.01689048420755146
2007-11-26,-0.023238690638891946
2007-11-27,0.014930153212029174
2007-11-28,0.028559853539212643
2007-11-29,0.0004764749033838722
2007-11-30,0.0077702175740654855
2007-12-01,0.0
2007-12-03,-0.005887337197621245
2007-12-04,-0.006540256581273551
2007-12-05,0.015190129895446658
2007-12-06,0.015036906086721702
2007-12-07,-0.0017779211733210953
2007-12-10,0.007509953412149439
2007-12-11,-0.025271074111842595
2007-12-12,0.006050107439882435
2007-12-13,0.0012243243942324789
2007-12-14,-0.01374626785493871
2007-12-17,-0.015020898185397868
2007-12-18,0.006279795215002659
2007-12-19,-0.0013608300425632658
2007-12-20,0.004900203108869627
2007-12-21,0.016669839397931874
2007-12-24,0.008077004803014542
2007-12-26,0.0008086358029313345
2007-12-27,-0.014282289812289406
2007-12-28,0.0015037700920255137
2007-12-31,-0.006851588410961562
2008-01-01,0.0
2008-01-02,-0.014437843160646446
2008-01-03,0.0
2008-01-04,-0.024551555085623233
2008-01-07,0.0032232587947169655
2008-01-08,-0.018352265474000595
2008-01-09,0.013624083236714934
2008-01-10,0.007948131920451518
2008-01-11,-0.013595387776707546
2008-01-14,0.01087063729028337
2008-01-15,-0.024925012411738723
2008-01-16,-0.005612078839948742
2008-01-17,-0.02909259582902124
2008-01-18,-0.006045421784173999
2008-01-21,0.0
2008-01-22,-0.0
2008-01-23,0.0
2008-01-24,0.0
2008-01-25,-0.0
2008-01-28,0.0
2008-01-29,0.0
2008-01-30,-0.0047639947161109975
2008-01-31,0.016772253672436177
2008-02-01,0.01223749194418322
2008-02-04,-0.010462869384454843
2008-02-05,-0.031995432684296055
2008-02-06,-0.007623640894248274
2008-02-07,0.007885772846967454
2008-02-08,-0.004203719751894819
2008-02-11,0.005888999083801139
2008-02-12,0.007265896838448915
2008-02-13,0.013604062530741423
2008-02-14,-0.013421475932895444
2008-02-15,0.0008377480947496796
2008-02-18,0.0
2008-02-19,-0.0008962740066612573
2008-02-20,0.008340870828184466
2008-02-21,-0.012867362942748706
2008-02-22,0.007880610357913875
2008-02-25,0.013812671311938196
2008-02-26,0.006917910698780005
2008-02-27,-0.0009194445013966934
2008-02-28,-0.00894187449867867
2008-02-29,-0.027089704735838493
2008-03-01,0.0
2008-03-03,0.0005335524788219193
2008-03-04,-0.003447628658457935
2008-03-05,0.005238327621537531
2008-03-06,-0.022013935987449718
2008-03-07,-0.008410361554953893
2008-03-10,-0.01546347918654778
2008-03-11,0.0
2008-03-12,-0.0
2008-03-13,0.0
2008-03-14,-0.0
2008-03-17,-0.0
2008-03-18,0.0
2008-03-19,-0.0
2008-03-20,0.0
2008-03-24,0.0
2008-03-25,0.0023038976355771457
2008-03-26,-0.008765759863092581
2008-03-27,-0.011460481132498757
2008-03-28,-0.00795018629681199
2008-03-31,0.0056872467232620405
2008-04-01,0.03589635162305438
2008-04-02,-0.0019340702025878453
2008-04-03,0.001301638178863307
2008-04-04,0.0007959963585104646
2008-04-07,0.0015615985189088022
2008-04-08,-0.005100033369358936
2008-04-09,-0.008092072375784243
2008-04-10,0.004474051958627934
2008-04-11,-0.020374180867005598
2008-04-14,-0.0033837848145122917
2008-04-15,0.004599876286541349
2008-04-16,0.022691265939609684
2008-04-17,0.0006229145243916712
2008-04-18,0.01813900260560164
2008-04-21,-0.001553524830540276
2008-04-22,-0.008810233726340488
2008-04-23,0.0028999174924810855
2008-04-24,0.006442277675030139
2008-04-25,0.006494736452591576
2008-04-28,-0.0010516015703287973
2008-04-29,-0.003888692631555557
2008-04-30,-0.0038463023648085404
2008-05-01,0.017140713043443112
2008-05-02,0.0
2008-05-05,-0.0
2008-05-06,0.0
2008-05-07,-0.0
2008-05-08,0.0
2008-05-09,-0.0
2008-05-12,0.0
2008-05-13,-0.0
2008-05-14,0.0
2008-05-15,0.0
2008-05-16,0.0
2008-05-19,0.0
2008-05-20,-0.009273589104020541
2008-05-21,-0.016053532676263305
2008-05-22,0.0
2008-05-23,-0.0
2008-05-26,0.0
2008-05-27,0.0
2008-05-28,0.0
2008-05-29,0.0
2008-05-30,0.0
2008-05-31,0.0
2008-06-01,0.0
2008-06-02,-0.0
2008-06-03,-0.0
2008-06-04,-0.0
2008-06-05,0.0
2008-06-06,-0.0
2008-06-09,0.0
2008-06-10,-0.0
2008-06-11,-0.0
2008-06-12,0.0032796987733647587
2008-06-13,0.015046261393385496
2008-06-16,0.0
2008-06-17,-0.0
2008-06-18,-0.009711824147480841
2008-06-19,0.003752324501292925
2008-06-20,-0.01854285587797533
2008-06-23,0.0
2008-06-24,-0.0
2008-06-25,0.0
2008-06-26,-0.0
2008-06-27,-0.0
2008-06-30,0.0
2008-07-01,0.0
2008-07-02,-0.0
2008-07-03,0.0
2008-07-04,0.0
2008-07-07,-0.0
2008-07-08,0.0
2008-07-09,-0.0
2008-07-10,0.0
2008-07-11,-0.0
2008-07-14,-0.0
2008-07-15,-0.0
2008-07-16,0.0
2008-07-17,0.0
2008-07-18,0.0
2008-07-21,-0.0
2008-07-22,0.0
2008-07-23,0.0
2008-07-24,-0.023124422822433988
2008-07-25,0.0
2008-07-28,-0.0
2008-07-29,0.0
2008-07-30,0.0
2008-07-31,-0.0
2008-08-01,-0.0
2008-08-04,-0.0
2008-08-05,0.0
2008-08-06,0.0
2008-08-07,-0.0
2008-08-08,0.0
2008-08-11,0.006942730477737413
2008-08-12,-0.012050670422580567
2008-08-13,-0.0029156630132689543
2008-08-14,0.005521801403690407
2008-08-15,0.004075933919094776
2008-08-18,-0.015097809523290096
2008-08-19,-0.009314902555218274
2008-08-20,0.006197331643397197
2008-08-21,0.0024949640993341404
2008-08-22,0.0
2008-08-25,-0.0
2008-08-26,0.0
2008-08-27,0.0
2008-08-28,0.0
2008-08-29,-0.0
2008-08-31,0.0
2008-09-01,0.0
2008-09-02,-0.0
2008-09-03,-0.0
2008-09-04,-0.0
2008-09-05,0.0
2008-09-08,0.0
2008-09-09,-0.0
2008-09-10,0.0
2008-09-11,0.0
2008-09-12,0.0
2008-09-15,-0.0
2008-09-16,0.0
2008-09-17,-0.0
2008-09-18,0.0
2008-09-19,0.0
2008-09-22,-0.0
2008-09-23,-0.0
2008-09-24,-0.0
2008-09-25,0.0
2008-09-26,0.0
2008-09-29,-0.0
2008-09-30,0.0
2008-10-01,-0.0
2008-10-02,-0.0
2008-10-03,-0.013506522985628489
2008-10-06,-0.0
2008-10-07,-0.0
2008-10-08,-0.0
2008-10-09,-0.0
2008-10-10,-0.0
2008-10-13,0.0
2008-10-14,-0.0
2008-10-15,-0.0
2008-10-16,0.0
2008-10-17,-0.0
2008-10-20,0.0
2008-10-21,-0.0
2008-10-22,-0.0
2008-10-23,0.0
2008-10-24,-0.0
2008-10-27,-0.0
2008-10-28,0.0
2008-10-29,-0.0
2008-10-30,0.0
2008-10-31,0.0
2008-11-01,0.0
2008-11-03,-0.0025290448588709546
2008-11-04,0.04082584363592434
2008-11-05,-0.05267708721725084
2008-11-06,-0.05026398151360678
2008-11-07,0.028854638416884848
2008-11-10,-0.0
2008-11-11,-0.0
2008-11-12,-0.0
2008-11-13,0.06921270805966984
2008-11-14,-0.0
2008-11-17,-0.0
2008-11-18,0.0
2008-11-19,-0.0
2008-11-20,-0.0
2008-11-21,0.0
2008-11-24,0.0
2008-11-25,0.0
2008-11-26,0.0
2008-11-27,0.0
2008-11-28,0.009643111965147444
2008-11-30,0.0
2008-12-01,-0.0892952436107991
2008-12-02,0.03994067054843109
2008-12-03,0.0
2008-12-04,-0.0
2008-12-05,0.0
2008-12-08,0.0
2008-12-09,-0.0
2008-12-10,0.0
2008-12-11,-0.0
2008-12-12,0.0
2008-12-15,-0.0
2008-12-16,0.0
2008-12-17,-0.0
2008-12-18,-0.0
2008-12-19,0.0
2008-12-22,-0.0
2008-12-23,-0.0
2008-12-24,0.0
2008-12-26,0.0
2008-12-29,-0.0
2008-12-30,0.0
2008-12-31,0.0
2009-01-01,0.0
2009-01-02,0.0
2009-01-05,-0.0
2009-01-06,0.0
2009-01-07,-0.0
2009-01-08,0.0
2009-01-09,-0.0
2009-01-12,-0.0
2009-01-13,0.0
2009-01-14,-0.0
2009-01-15,0.0013291817470242329
2009-01-16,0.0075615769747268136
2009-01-19,0.0
2009-01-20,-0.0
2009-01-21,0.04349124562903017
2009-01-22,-0.0
2009-01-23,0.0
2009-01-26,0.0
2009-01-27,0.0
2009-01-28,0.0
2009-01-29,-0.0
2009-01-30,-0.0
2009-01-31,0.0
2009-02-01,0.0
2009-02-02,-0.0
2009-02-03,0.0
2009-02-04,-0.0
2009-02-05,0.0
2009-02-06,0.0
2009-02-09,0.0
2009-02-10,-0.0
2009-02-11,0.0
2009-02-12,0.0
2009-02-13,-0.0
2009-02-16,0.0
2009-02-17,-0.0
2009-02-18,-0.000950365594538094
2009-02-19,-0.01202402358417931
2009-02-20,-0.01141296456796903
2009-02-23,-0.034699008021163436
2009-02-24,0.04010331464253336
2009-02-25,-0.010657824039959851
2009-02-26,-0.01577984957375933
2009-02-27,-0.023564403426620917
2009-02-28,0.0
2009-03-01,0.0
2009-03-02,-0.0
2009-03-03,-0.0
2009-03-04,0.0
2009-03-05,-0.0
2009-03-06,0.0
2009-03-09,-0.0
2009-03-10,0.0
2009-03-11,0.0
2009-03-12,0.0
2009-03-13,0.0
2009-03-16,-0.0
2009-03-17,0.0
2009-03-18,0.0
2009-03-19,-0.0
2009-03-20,-0.0
2009-03-23,0.0
2009-03-24,-0.0
2009-03-25,0.0
2009-03-26,0.0
2009-03-27,-0.020315519064124654
2009-03-30,-0.03481870365409789
2009-03-31,0.013129614663131228
2009-04-01,0.0
2009-04-02,0.0
2009-04-03,0.0
2009-04-06,-0.0
2009-04-07,-0.0
2009-04-08,0.0
2009-04-09,0.0
2009-04-13,0.0
2009-04-14,-0.0
2009-04-15,0.0
2009-04-16,0.0
2009-04-17,0.0
2009-04-20,-0.0
2009-04-21,0.0
2009-04-22,-0.0
2009-04-23,0.0
2009-04-24,0.0
2009-04-27,-0.0
2009-04-28,-0.0
2009-04-29,0.0
2009-04-30,-0.0
2009-05-01,0.0
2009-05-04,0.0
2009-05-05,-0.0
2009-05-06,0.01740433914180306
2009-05-07,-0.013202412386380091
2009-05-08,0.024068995104353563
2009-05-11,-0.02151242496964101
2009-05-12,-0.0009788555914792552
2009-05-13,-0.02689491201893024
2009-05-14,0.010351643351174777
2009-05-15,-0.01141008247711417
2009-05-18,0.0
2009-05-19,-0.0
2009-05-20,-0.0
2009-05-21,-0.0
2009-05-22,-0.0
2009-05-25,0.0
2009-05-26,0.0
2009-05-27,-0.0
2009-05-28,0.0
2009-05-29,0.0
2009-05-31,0.0
2009-06-01,0.0
2009-06-02,0.0
2009-06-03,-0.0
2009-06-04,0.0
2009-06-05,-0.002514690344346815
2009-06-08,-0.001010554499986549
2009-06-09,0.0035031816087351952
2009-06-10,-0.0034803309393901527
2009-06-11,0.006111899148334876
2009-06-12,0.0013969957389272647
2009-06-15,-0.023768561680042266
2009-06-16,-0.012720305257724385
2009-06-17,-0.0013815682214813885
2009-06-18,0.0
2009-06-19,0.0
2009-06-22,-0.0
2009-06-23,0.0
2009-06-24,0.0
2009-06-25,0.0
2009-06-26,-0.0
2009-06-29,0.0
2009-06-30,-0.0
2009-07-01,0.0
2009-07-02,-0.0
2009-07-03,0.0
2009-07-06,0.0
2009-07-07,-0.0
2009-07-08,-0.0
2009-07-09,0.0
2009-07-10,-0.0
2009-07-13,0.0
2009-07-14,0.0
2009-07-15,0.0
2009-07-16,0.0
2009-07-17,-0.0
2009-07-20,0.0
2009-07-21,0.0
2009-07-22,-0.0
2009-07-23,0.0
2009-07-24,0.0
2009-07-27,0.0029818259512661704
2009-07-28,-0.0026064444171983725
2009-07-29,-0.004562963930304753
2009-07-30,0.01189558047020256
2009-07-31,0.0007397825880415265
2009-08-01,0.0
2009-08-03,0.015342107904679603
2009-08-04,0.003012097699592653
2009-08-05,-0.002913591845875696
2009-08-06,-0.005624654717235167
2009-08-07,0.013439205629671047
2009-08-10,-0.0033449498734695604
2009-08-11,-0.012660113503211945
2009-08-12,0.011525139291026054
2009-08-13,0.0068800100684554
2009-08-14,-0.008531349698250423
2009-08-17,-0.02426081898553223
2009-08-18,0.01014565506778764
2009-08-19,0.006860912404894393
2009-08-20,0.010948731413161106
2009-08-21,0.018622760114512582
2009-08-24,-0.0005457969176273503
2009-08-25,0.0023694665778091206
2009-08-26,0.0001167267676920325
2009-08-27,0.002781762211750971
2009-08-28,-0.001988328383331406
2009-08-31,-0.008076407685613796
2009-09-01,-0.022123823948061228
2009-09-02,-0.003296439120451411
2009-09-03,0.008534797923473336
2009-09-04,0.013117533499250822
2009-09-07,0.0
2009-09-08,0.008844933115342624
2009-09-09,0.007782385584753415
2009-09-10,0.010422229774562641
2009-09-11,-0.0013504263412050799
2009-09-14,0.0063391150876768165
2009-09-15,0.0031353414238139976
2009-09-16,0.015323527552882465
2009-09-17,-0.003059638741504833
2009-09-18,0.0026373392706691146
2009-09-21,-0.0034072961546995906
2009-09-22,0.006574868761175523
2009-09-23,-0.010068528001755062
2009-09-24,-0.00951102950102567
2009-09-25,-0.006090736629573268
2009-09-28,0.017809586069224448
2009-09-29,-0.0022295764367475934
2009-09-30,-0.003328301020761093
2009-10-01,-0.025759622356647194
2009-10-02,-0.004505524841904807
2009-10-05,0.014875001786029074
2009-10-06,0.013705486324313787
2009-10-07,0.002711606332490124
2009-10-08,0.007469907470196047
2009-10-09,0.005640659492242017
2009-10-12,0.00438636964853667
2009-10-13,-0.0027876120046986808
2009-10-14,0.0175458950913443
2009-10-15,0.004157468710554335
2009-10-16,-0.008098056110305896
2009-10-19,0.009405321384581278
2009-10-20,-0.006239104637617676
2009-10-21,-0.008853806079326398
2009-10-22,0.010643618925255227
2009-10-23,-0.012178549173757158
2009-10-26,-0.01171732558366989
2009-10-27,-0.0033177910438061398
2009-10-28,-0.019540937765275768
2009-10-29,0.02251995469034007
2009-10-30,-0.02806468784310845
2009-10-31,0.0
2009-11-01,0.0
2009-11-02,0.0
2009-11-03,0.0
2009-11-04,0.0
2009-11-05,0.0
2009-11-06,0.0
2009-11-09,0.0
2009-11-10,-0.0
2009-11-11,0.0
2009-11-12,-0.0
2009-11-13,0.0
2009-11-16,0.0
2009-11-17,0.0
2009-11-18,-0.0
2009-11-19,-0.0
2009-11-20,-0.0
2009-11-23,0.0
2009-11-24,-0.0
2009-11-25,0.0
2009-11-26,0.0
2009-11-27,-0.0
2009-11-30,0.0
2009-12-01,0.0
2009-12-02,0.0
2009-12-03,-0.0
2009-12-04,0.0
2009-12-07,-0.0
2009-12-08,-0.0
2009-12-09,0.0
2009-12-10,0.0
2009-12-11,0.0
2009-12-14,0.0
2009-12-15,-0.0
2009-12-16,0.0
2009-12-17,-0.0
2009-12-18,0.0
2009-12-21,0.0
2009-12-22,0.0
2009-12-23,0.0
2009-12-24,0.0
2009-12-28,0.0
2009-12-29,-0.0
2009-12-30,0.0
2009-12-31,-0.0
2010-01-01,0.0
2010-01-04,0.0
2010-01-05,0.0
2010-01-06,0.0
2010-01-07,0.0
2010-01-08,0.0
2010-01-11,0.0
2010-01-12,-0.0
2010-01-13,0.0
2010-01-14,0.0
2010-01-15,-0.0
2010-01-18,0.0
2010-01-19,0.012499626599363545
2010-01-20,-0.010597829662970737
2010-01-21,-0.01894490338978838
2010-01-22,-0.022140988764300484
2010-01-25,0.0
2010-01-26,-0.0
2010-01-27,0.0
2010-01-28,-0.0
2010-01-29,-0.0
2010-01-31,0.0
2010-02-01,0.0
2010-02-02,0.0
2010-02-03,-0.0
2010-02-04,-0.0
2010-02-05,0.0
2010-02-08,-0.0
2010-02-09,0.0
2010-02-10,-0.0
2010-02-11,0.0
2010-02-12,-0.0
2010-02-15,0.0
2010-02-16,0.0
2010-02-17,0.0
2010-02-18,0.0
2010-02-19,0.0
2010-02-22,-0.0
2010-02-23,-0.0
2010-02-24,0.0
2010-02-25,-0.0
2010-02-26,0.0
2010-02-28,0.0
2010-03-01,0.0
2010-03-02,0.0
2010-03-03,0.0
2010-03-04,0.0
2010-03-05,0.0
2010-03-08,-0.0
2010-03-09,0.0017127370855292146
2010-03-10,0.00452455995494172
2010-03-11,0.004041519314613495
2010-03-12,-0.00021734594703937127
2010-03-15,0.000452194832708086
2010-03-16,0.0077791163013856135
2010-03-17,0.005821675803744153
2010-03-18,-0.0003258460273372066
2010-03-19,-0.005086446449439896
2010-03-22,0.005095296193887933
2010-03-23,0.007170966908320198
2010-03-24,-0.005493304207041971
2010-03-25,-0.001704167338318907
2010-03-26,0.000737722599547963
2010-03-29,0.005683234964352302
2010-03-30,4.265937281555665e-05
2010-03-31,-0.00327287474868454
2010-04-01,0.0074138011482498545
2010-04-02,0.0
2010-04-05,0.00792799084446738
2010-04-06,0.0016842957106795176
2010-04-07,-0.005876707172041695
2010-04-08,0.003374341747336196
2010-04-09,0.00668390656297202
2010-04-12,0.0017666094762833762
2010-04-13,0.0006854008197059169
2010-04-14,0.011150066851666862
2010-04-15,0.0008425387276917995
2010-04-16,-0.016126534744455467
2010-04-19,0.004521331252766547
2010-04-20,0.008058340784849571
2010-04-21,-0.0010189969053922
2010-04-22,0.002263879356942944
2010-04-23,0.0071235200993795544
2010-04-26,-0.004296448099761374
2010-04-27,-0.023381945257149872
2010-04-28,0.006462752419523099
2010-04-29,0.012943228020842135
2010-04-30,-0.016647680109796337
2010-05-01,0.0
2010-05-03,0.013120586781854904
2010-05-04,-0.02383846584506677
2010-05-05,-0.006586554728659322
2010-05-06,-0.032353496411350324
2010-05-07,-0.015308264998017185
2010-05-10,0.0
2010-05-11,-0.0
2010-05-12,0.0
2010-05-13,-0.0
2010-05-14,-0.0
2010-05-17,0.0
2010-05-18,-0.0
2010-05-19,-0.0
2010-05-20,-0.0
2010-05-21,0.0
2010-05-24,-0.0
2010-05-25,0.0
2010-05-26,-0.0
2010-05-27,0.0
2010-05-28,-0.0
2010-05-31,0.0
2010-06-01,-0.0
2010-06-02,0.0
2010-06-03,0.0
2010-06-04,-0.0
2010-06-07,-0.0
2010-06-08,0.0
2010-06-09,-0.0
2010-06-10,0.0
2010-06-11,0.0
2010-06-14,-0.0
2010-06-15,0.0
2010-06-16,-0.0
2010-06-17,0.0
2010-06-18,0.0
2010-06-21,-0.0
2010-06-22,-0.0
2010-06-23,-0.0
2010-06-24,-0.0
2010-06-25,0.0
2010-06-28,-0.0
2010-06-29,-0.0
2010-06-30,-0.0
2010-07-01,-0.0
2010-07-02,-0.0
2010-07-05,0.0
2010-07-06,0.0
2010-07-07,0.0
2010-07-08,0.0
2010-07-09,0.0
2010-07-12,0.0
2010-07-13,0.0
2010-07-14,-0.0001551316306374062
2010-07-15,0.0011961033180916125
2010-07-16,-0.028819473359129044
2010-07-19,0.0
2010-07-20,0.0
2010-07-21,-0.0
2010-07-22,0.0
2010-07-23,0.0
2010-07-26,0.0
2010-07-27,-0.0
2010-07-28,-0.0
2010-07-29,-0.0
2010-07-30,0.0
2010-07-31,0.0
2010-08-01,0.0
2010-08-02,0.0
2010-08-03,-0.0
2010-08-04,0.0
2010-08-05,-0.0
2010-08-06,-0.0
2010-08-09,0.0
2010-08-10,-0.0
2010-08-11,-0.0
2010-08-12,-0.0
2010-08-13,-0.0
2010-08-16,0.0
2010-08-17,0.0
2010-08-18,0.0
2010-08-19,-0.0
2010-08-20,-0.0
2010-08-23,-0.0
2010-08-24,-0.0
2010-08-25,0.0
2010-08-26,-0.0
2010-08-27,0.0
2010-08-30,-0.0
2010-08-31,0.0
2010-09-01,0.0
2010-09-02,0.0
2010-09-03,0.0
2010-09-06,0.0
2010-09-07,-0.0
2010-09-08,0.0
2010-09-09,0.0
2010-09-10,0.0
2010-09-13,0.0
2010-09-14,-0.0
2010-09-15,0.0
2010-09-16,-0.0
2010-09-17,0.0
2010-09-20,0.0
2010-09-21,-0.0
2010-09-22,-0.0
2010-09-23,-0.0
2010-09-24,0.0
2010-09-27,-0.0
2010-09-28,0.0
2010-09-29,-0.0
2010-09-30,-0.0
2010-10-01,0.0
2010-10-04,-0.0
2010-10-05,0.0
2010-10-06,-0.0
2010-10-07,-0.0
2010-10-08,0.0
2010-10-11,0.0
2010-10-12,0.0
2010-10-13,0.0
2010-10-14,-0.0
2010-10-15,0.0
2010-10-18,0.0
2010-10-19,-0.0
2010-10-20,0.0
2010-10-21,0.0
2010-10-22,0.0
2010-10-25,0.0
2010-10-26,0.0
2010-10-27,-0.0
2010-10-28,0.0
2010-10-29,-0.0
2010-10-31,0.0
2010-11-01,0.0
2010-11-02,0.0
2010-11-03,0.0
2010-11-04,0.0
2010-11-05,0.0
2010-11-08,-0.0
2010-11-09,-0.0
2010-11-10,0.0
2010-11-11,-0.004242126544221403
2010-11-12,-0.011808492232419865
2010-11-15,-0.0
2010-11-16,-0.0
2010-11-17,0.0
2010-11-18,0.0
2010-11-19,0.0
2010-11-22,-0.0
2010-11-23,-0.0
2010-11-24,0.0
2010-11-25,0.0
2010-11-26,-0.0
2010-11-29,-0.0
2010-11-30,-0.0
2010-12-01,0.0
2010-12-02,0.0
2010-12-03,0.0
2010-12-06,-0.001298238661417761
2010-12-07,0.0005150801927265025
2010-12-08,0.003701760406026544
2010-12-09,0.0038427480627742927
2010-12-10,0.006001641860553519
2010-12-13,4.832031784740565e-05
2010-12-14,0.00091095635360805
2010-12-15,-0.005122452280258649
2010-12-16,0.006185094896691501
2010-12-17,0.0008368043854836138
2010-12-20,0.0025483530061645165
2010-12-21,0.006030102155631267
2010-12-22,0.0033795554893063517
2010-12-23,-0.0016443283858672553
2010-12-24,0.0
2010-12-27,0.0006126972471360848
2010-12-28,0.0007713239125555216
2010-12-29,0.0010091453555356455
2010-12-30,-0.0015082191889665975
2010-12-31,-0.0001907894500615681
2011-01-01,0.0
2011-01-03,0.011314828013585299
2011-01-04,-0.0013130618315739806
2011-01-05,0.0050071702616640845
2011-01-06,-0.002122957701494954
2011-01-07,-0.001844782063018524
2011-01-10,-0.001376327172630698
2011-01-11,0.0037251273626697223
2011-01-12,0.00900758006769764
2011-01-13,-0.001710746243041017
2011-01-14,0.007384542591010179
2011-01-17,0.0
2011-01-18,0.00137641065101346
2011-01-19,-0.010115654884377157
2011-01-20,-0.0012949592195925508
2011-01-21,0.0024135455272700224
2011-01-24,0.00583628034196626
2011-01-25,0.0002634624737614111
2011-01-26,0.00422090718967616
2011-01-27,0.0022443057531671418
2011-01-28,-0.017852526697772375
2011-01-31,0.007662558220206783
2011-02-01,0.01669359840810869
2011-02-02,-0.00272251746839014
2011-02-03,0.0023541990752451447
2011-02-04,0.002884262567260709
2011-02-07,0.006240171597036381
2011-02-08,0.004184752099316791
2011-02-09,-0.0027857656113878804
2011-02-10,0.0007494929370688297
2011-02-11,0.005507371620330659
2011-02-14,0.002384924061824778
2011-02-15,-0.003234911055292722
2011-02-16,0.006257435156610036
2011-02-17,0.003075691142146564
2011-02-18,0.0019247226272978146
2011-02-21,0.0
2011-02-22,-0.02052856505826517
2011-02-23,-0.006111960522950599
2011-02-24,-0.000994377240208233
2011-02-25,0.01055051646463201
2011-02-28,0.005561085699577806
2011-03-01,-0.015739677754675885
2011-03-02,0.0016152009236127807
2011-03-03,0.017219001487115193
2011-03-04,-0.0073780374502926405
2011-03-07,-0.008341232507744434
2011-03-08,0.008922733898683255
2011-03-09,-0.0013617034323515353
2011-03-10,-0.018870951812180237
2011-03-11,0.007080513662183874
2011-03-14,-0.006049325659529536
2011-03-15,-0.01120034817237281
2011-03-16,-0.019494949042855536
2011-03-17,0.013398228752857344
2011-03-18,0.004310201897316901
2011-03-21,0.014985846366661448
2011-03-22,-0.003550567117658776
2011-03-23,0.00291397966743423
2011-03-24,0.009340748456551973
2011-03-25,0.003161136890789118
2011-03-28,-0.002747836267090409
2011-03-29,0.007060045042073693
2011-03-30,0.006684706201916635
2011-03-31,-0.0018295015230987977
2011-04-01,0.004962987972138233
2011-04-04,0.0003452097520288966
2011-04-05,-0.0001800552456384663
2011-04-06,0.002183677516658822
2011-04-07,-0.0015200063176690204
2011-04-08,-0.00400444374710851
2011-04-11,-0.0027933795260068894
2011-04-12,-0.007776699229565143
2011-04-13,0.00019023558280406583
2011-04-14,8.367659155239515e-05
2011-04-15,0.003925413156908419
2011-04-18,-0.011017851653977395
2011-04-19,0.00573117089721964
2011-04-20,0.013514947433656221
2011-04-21,0.0052767819301140495
2011-04-25,-0.0015926699031209024
2011-04-26,0.008979584523029382
2011-04-27,0.006249847099511818
2011-04-28,0.0035554240499382495
2011-04-29,0.002300662213150728
2011-04-30,0.0
2011-05-01,0.0
2011-05-02,-0.00175271131343413
2011-05-03,-0.0033793036283190636
2011-05-04,-0.006855308680100647
2011-05-05,-0.009069835815006422
2011-05-06,0.0038199203649145197
2011-05-09,0.004544163641626575
2011-05-10,0.008074036650198346
2011-05-11,-0.011111495877577093
2011-05-12,0.004895437361786659
2011-05-13,-0.00806733006032423
2011-05-16,-0.006204391417766519
2011-05-17,-0.0003685605881837972
2011-05-18,0.00880379946585852
2011-05-19,0.0021779408643529674
2011-05-20,-0.007688267521873571
2011-05-23,-0.01192558460112425
2011-05-24,-0.0008273801774386635
2011-05-25,0.0031831687125787322
2011-05-26,0.0039531157988739185
2011-05-27,0.004080919686204165
2011-05-30,0.0
2011-05-31,0.010592724697279676
2011-06-01,-0.02278464425831217
2011-06-02,-0.0012248353901096465
2011-06-03,-0.009733809463420173
2011-06-06,-0.010760206333523925
2011-06-07,-0.0009564073932939454
2011-06-08,-0.004186874918536865
2011-06-09,0.007377489898070522
2011-06-10,-0.013979844477308045
2011-06-13,0.0006687560771996282
2011-06-14,0.0
2011-06-15,-0.0
2011-06-16,0.0
2011-06-17,0.0
2011-06-20,0.0
2011-06-21,0.0
2011-06-22,-0.0
2011-06-23,-0.0
2011-06-24,-0.0
2011-06-27,0.0
2011-06-28,0.0
2011-06-29,0.0
2011-06-30,0.0
2011-07-01,0.0
2011-07-04,0.0
2011-07-05,-0.0013361790618444669
2011-07-06,0.0010015590452223666
2011-07-07,0.010453846497412655
2011-07-08,-0.006961116506509657
2011-07-11,-0.01809053260189253
2011-07-12,-0.004433512667192274
2011-07-13,0.003105840267646931
2011-07-14,-0.0067161276923011215
2011-07-15,0.0
2011-07-18,-0.0
2011-07-19,0.0
2011-07-20,-0.0
2011-07-21,0.0
2011-07-22,0.0
2011-07-25,-0.0
2011-07-26,-0.0
2011-07-27,-0.0
2011-07-28,-0.0
2011-07-29,-0.0
2011-07-31,0.0
2011-08-01,-0.0
2011-08-02,-0.0
2011-08-03,0.0
2011-08-04,-0.0
2011-08-05,-0.0
2011-08-08,-0.0
2011-08-09,0.0
2011-08-10,-0.0
2011-08-11,0.0
2011-08-12,0.0
2011-08-15,0.0
2011-08-16,-0.0
2011-08-17,0.0
2011-08-18,-0.0
2011-08-19,-0.0
2011-08-22,0.0
2011-08-23,0.0
2011-08-24,0.0
2011-08-25,-0.0
2011-08-26,0.0
2011-08-29,0.0
2011-08-30,0.0
2011-08-31,0.0
2011-09-01,-0.0
2011-09-02,-0.0
2011-09-05,0.0
2011-09-06,-0.0
2011-09-07,0.0
2011-09-08,-0.0
2011-09-09,-0.0
2011-09-12,0.0
2011-09-13,0.0
2011-09-14,0.0
2011-09-15,0.0
2011-09-16,0.0
2011-09-19,-0.0
2011-09-20,-0.0
2011-09-21,-0.0
2011-09-22,-0.0
2011-09-23,0.0
2011-09-26,0.0
2011-09-27,0.0
2011-09-28,-0.0
2011-09-29,0.0
2011-09-30,-0.0
2011-10-01,0.0
2011-10-03,-0.0
2011-10-04,0.0
2011-10-05,0.0
2011-10-06,0.0
2011-10-07,-0.0
2011-10-10,0.0
2011-10-11,0.0
2011-10-12,0.0
2011-10-13,-0.0
2011-10-14,0.0
2011-10-17,-0.0
2011-10-18,0.0
2011-10-19,-0.0
2011-10-20,0.0
2011-10-21,0.0
2011-10-24,0.0
2011-10-25,-0.0
2011-10-26,0.0
2011-10-27,0.0
2011-10-28,0.0
2011-10-31,-0.0
2011-11-01,-0.0
2011-11-02,0.0
2011-11-03,0.0
2011-11-04,-0.0
2011-11-07,0.0
2011-11-08,0.0
2011-11-09,-0.0
2011-11-10,0.0
2011-11-11,0.0
2011-11-14,-0.0
2011-11-15,0.0
2011-11-16,-0.0
2011-11-17,-0.0
2011-11-18,-0.0
2011-11-21,-0.0
2011-11-22,-0.0
2011-11-23,-0.0
2011-11-24,0.0
2011-11-25,-0.0
2011-11-28,0.0
2011-11-29,0.0
2011-11-30,0.0
2011-12-01,-0.0
2011-12-02,-0.0
2011-12-05,0.0
2011-12-06,0.0
2011-12-07,0.0
2011-12-08,-0.0
2011-12-09,0.0
2011-12-12,-0.0
2011-12-13,-0.0
2011-12-14,-0.0
2011-12-15,0.0
2011-12-16,0.0
2011-12-19,-0.0
2011-12-20,0.0
2011-12-21,0.0
2011-12-22,0.0
2011-12-23,0.0
2011-12-27,7.9107947907886e-05
2011-12-28,-0.0124780022540123
2011-12-29,0.0
2011-12-30,-0.0
2011-12-31,0.0
2012-01-01,0.0
2012-01-03,0.0
2012-01-04,0.0
2012-01-05,0.0
2012-01-06,-0.0
2012-01-09,0.0
2012-01-10,0.00888576974833133
2012-01-11,0.0003095972599744812
2012-01-12,0.002336608362904613
2012-01-13,-0.0
2012-01-16,0.0
2012-01-17,0.0
2012-01-18,0.0
2012-01-19,0.0
2012-01-20,0.0
2012-01-23,0.0
2012-01-24,-0.0
2012-01-25,0.008679141952454561
2012-01-26,-0.005753890884025226
2012-01-27,-0.0015928775670267514
2012-01-30,-0.0025221231757218687
2012-01-31,-0.0004569466961219515
2012-02-01,0.008899605562620927
2012-02-02,0.0010951470667548424
2012-02-03,0.014605356896842503
2012-02-06,-0.0004238741534883239
2012-02-07,0.00202338180532724
2012-02-08,0.0021602108339675574
2012-02-09,0.0014741105602813498
2012-02-10,-0.006886302644093845
2012-02-13,0.006800039312997219
2012-02-14,-0.0009395233752043097
2012-02-15,-0.0053832058728249255
2012-02-16,0.01102570580548079
2012-02-17,0.0023489303072772305
2012-02-20,0.0
2012-02-21,0.000719922777789872
2012-02-22,-0.0033401068031253534
2012-02-23,0.004272002277298181
2012-02-24,0.0016722378083675604
2012-02-27,0.0013545591394890089
2012-02-28,0.0033563334079245166
2012-02-29,-0.0047369876733168725
2012-03-01,0.006158039788692005
2012-03-02,-0.003245756135652589
2012-03-05,-0.003869693865664492
2012-03-06,-0.015370160722531612
2012-03-07,0.0069006220464606915
2012-03-08,0.009817931917032618
2012-03-09,0.0036312500921620305
2012-03-12,0.00016046065922270536
2012-03-13,0.018131549330308916
2012-03-14,-0.0011962619960680376
2012-03-15,0.005967198922915307
2012-03-16,0.0011193985360786751
2012-03-19,0.00397384638616094
2012-03-20,-0.003000518154814724
2012-03-21,-0.0018711970276237277
2012-03-22,-0.0072065416718331
2012-03-23,0.003108858515779689
2012-03-26,0.013885824750712539
2012-03-27,-0.0028167751776319028
2012-03-28,-0.00494150905632218
2012-03-29,-0.001607929836799582
2012-03-30,0.0036984360198231148
2012-03-31,0.0
2012-04-01,0.0
2012-04-02,0.007504645877610239
2012-04-03,-0.003988635996082901
2012-04-04,-0.010202524371008104
2012-04-05,-0.0006290422223540482
2012-04-06,0.0
2012-04-09,-0.011358438273891824
2012-04-10,-0.017081454337735447
2012-04-11,0.007448895819775148
2012-04-12,0.013779387810288313
2012-04-13,-0.012475001040294531
2012-04-16,-0.000503600390907244
2012-04-17,0.015486673802446171
2012-04-18,-0.004055288780130728
2012-04-19,-0.005934396967956612
2012-04-20,0.0011692656800530443
2012-04-23,-0.008407570124922548
2012-04-24,0.003679773444691614
2012-04-25,0.013644592157896263
2012-04-26,0.006680165568110796
2012-04-27,0.002414323726029899
2012-04-30,-0.0038835019016946193
2012-05-01,0.005658384242170911
2012-05-02,-0.002496683664631072
2012-05-03,-0.0076588713308223255
2012-05-04,-0.016147208958519288
2012-05-07,0.00035058102206497743
2012-05-08,-0.004278673417828949
2012-05-09,-0.006702266480503982
2012-05-10,0.002517410777005402
2012-05-11,-0.0033873413051768164
2012-05-14,-0.01111286391927968
2012-05-15,-0.005745837446504476
2012-05-16,-0.004403818556987793
2012-05-17,-0.015051375861739213
2012-05-18,-0.007387777046316768
2012-05-21,0.016035901237667627
2012-05-22,0.0004863370186602989
2012-05-23,0.0016937032123527374
2012-05-24,0.001380031526917458
2012-05-25,-0.002165632329979128
2012-05-28,0.0
2012-05-29,0.011078977592776207
2012-05-30,-0.014334892170861036
2012-05-31,-0.0022766655169013106
2012-06-01,-0.024642584749729912
2012-06-04,0.00010955419561042845
2012-06-05,0.005726850663809513
2012-06-06,0.023049400920118535
2012-06-07,-0.00010646449242102118
2012-06-08,0.008114163624478143
2012-06-11,-0.012620113782869202
2012-06-12,0.011650737147309576
2012-06-13,-0.007023250955987548
2012-06-14,0.010814652782245693
2012-06-15,0.010337815429059649
2012-06-18,0.0014447466011910937
2012-06-19,0.009815695418065262
2012-06-20,-0.0016863570122068738
2012-06-21,-0.022261677039013494
2012-06-22,0.007174604262178752
2012-06-25,-0.015954853497705423
2012-06-26,0.004772721486371312
2012-06-27,0.008984905521485453
2012-06-28,-0.002109799583246086
2012-06-29,0.02492023877666627
2012-06-30,0.0
2012-07-01,0.0
2012-07-02,0.0024593113157624913
2012-07-03,0.0062321108631679945
2012-07-04,0.0
2012-07-05,-0.0046870230309741245
2012-07-06,-0.00943264946713962
2012-07-09,-0.0016388318166757898
2012-07-10,-0.008125926498228409
2012-07-11,-1.4923577632885987e-05
2012-07-12,-0.004987097282612596
2012-07-13,0.01649736234989274
2012-07-16,-0.002314313728559836
2012-07-17,0.007409672577889825
2012-07-18,0.006680490923747229
2012-07-19,0.002717099891568653
2012-07-20,-0.010061659913606968
2012-07-23,-0.00890905606969361
2012-07-24,-0.009040932945028057
2012-07-25,-0.000313861457302278
2012-07-26,0.016540974699349675
2012-07-27,0.01908056557933535
2012-07-30,-0.0004833595887074882
2012-07-31,-0.0043168283608459035
2012-08-01,-0.0028999798130677767
2012-08-02,-0.0075036694675360005
2012-08-03,0.01904028588598905
2012-08-06,0.0023292692665812798
2012-08-07,0.005106758007594747
2012-08-08,0.0006208264404641284
2012-08-09,0.0004136855394443195
2012-08-10,0.002188441817939202
2012-08-13,-0.0012519007957618733
2012-08-14,-0.00012814640056846294
2012-08-15,0.0011396405267545262
2012-08-16,0.007100510313353237
2012-08-17,0.0018721339981915275
2012-08-20,-2.1174829462955458e-05
2012-08-21,-0.003497536135912971
2012-08-22,0.0002264032488046297
2012-08-23,-0.008072242646582573
2012-08-24,0.006454730908207917
2012-08-27,-0.0004890148137838279
2012-08-28,-0.0008081822874276279
2012-08-29,0.0008443492265819419
2012-08-30,-0.00780580496271055
2012-08-31,0.0050732955705157234
2012-09-01,0.0
2012-09-03,0.0
2012-09-04,-0.0011659590635981765
2012-09-05,-0.0010676612969652277
2012-09-06,0.020435540463669577
2012-09-07,0.0040499740579702515
2012-09-10,-0.006147829935223559
2012-09-11,0.0031349558295050706
2012-09-12,0.002092692232889659
2012-09-13,0.01630974737217783
2012-09-14,0.003958951318527193
2012-09-17,-0.003124690820504483
2012-09-18,-0.0012797755200721905
2012-09-19,0.001185553958514829
2012-09-20,-0.0005407337436069692
2012-09-21,-7.531901909729743e-05
2012-09-24,-0.002232653981520283
2012-09-25,-0.0105018557847808
2012-09-26,-0.0057367349435899495
2012-09-27,0.009648981834660786
2012-09-28,-0.004477753072888002
2012-09-30,0.0
2012-10-01,0.002651506710448004
2012-10-02,0.0008722869484341089
2012-10-03,0.0036244096381636837
2012-10-04,0.007174435557619541
2012-10-05,-0.00032158936312698394
2012-10-08,-0.0034567355331607263
2012-10-09,-0.00989094181235195
2012-10-10,-0.006188030354815854
2012-10-11,0.00019538952303133073
2012-10-12,-0.0029661372528556607
2012-10-15,0.008077922524027725
2012-10-16,0.010269933278491461
2012-10-17,0.004117058019306619
2012-10-18,-0.0024437290975140025
2012-10-19,-0.016571304555192734
2012-10-22,0.00043958226653084687
2012-10-23,-0.01444390628760639
2012-10-24,-0.0030853828766044256
2012-10-25,0.002995542646406335
2012-10-26,-0.0007289817322603254
2012-10-29,0.0
2012-10-31,0.00015587969925845435
2012-11-01,0.010926475234507071
2012-11-02,-0.009379454163327194
2012-11-05,0.002163809008205897
2012-11-06,0.007853184882181896
2012-11-07,-0.023705000038029778
2012-11-08,-0.01220484261628385
2012-11-09,0.001698692425988746
2012-11-12,0.00013048788935265954
2012-11-13,-0.0039854205221913075
2012-11-14,-0.013852035718884714
2012-11-15,-0.0015935449138314572
2012-11-16,0.00483994963594836
2012-11-19,0.019862053761098286
2012-11-20,0.0006633863793055195
2012-11-21,0.002320181125065268
2012-11-22,0.0
2012-11-23,0.013026314842639719
2012-11-26,-0.0020295818770267315
2012-11-27,-0.0052265872985560735
2012-11-28,0.007856028682432292
2012-11-29,0.004269642628790704
2012-11-30,0.00016250753698754394
2012-12-01,0.0
2012-12-03,-0.004745224843287543
2012-12-04,-0.0017098123935156417
2012-12-05,0.0015848622233496368
2012-12-06,0.0033065906083264984
2012-12-07,0.0029209195962771606
2012-12-10,0.0003385605486661003
2012-12-11,0.0065488820784729285
2012-12-12,0.0004482397633895907
2012-12-13,-0.0063214251654488685
2012-12-14,-0.004135401260425775
2012-12-17,0.011870590853387819
2012-12-18,0.011486656421599406
2012-12-19,-0.007589201039747917
2012-12-20,0.00548810949285139
2012-12-21,-0.009378687628036508
2012-12-24,-0.002440296594621194
2012-12-26,-0.00478746019469678
2012-12-27,-0.001218442012279497
2012-12-28,-0.011049941573072375
2012-12-31,0.016941941334216226
2013-01-01,0.0
2013-01-02,0.025403420320955883
2013-01-03,-0.0020856174946130013
2013-01-04,0.004865096315322948
2013-01-07,-0.0031231161538831653
2013-01-08,-0.003242371304872038
2013-01-09,0.002655865938542279
2013-01-10,0.007597415119266371
2013-01-11,-4.7513986152325494e-05
2013-01-14,-0.0009306715612543703
2013-01-15,0.0011286697641588184
2013-01-16,0.00019699191031485874
2013-01-17,0.005642922184040833
2013-01-18,0.0034032703971196288
2013-01-21,0.0
2013-01-22,0.004428106846314561
2013-01-23,0.001507477027169024
2013-01-24,6.614683421224399e-06
2013-01-25,0.005445481690718124
2013-01-28,-0.0018496216125600817
2013-01-29,0.005105995170664235
2013-01-30,-0.0038996213232838084
2013-01-31,-0.0025633010773032927
2013-02-01,0.010052705569688847
2013-02-04,-0.011538744820964397
2013-02-05,0.010416510240551347
2013-02-06,0.0005491705981217621
2013-02-07,-0.0018053993582290984
2013-02-08,0.005657940611518475
2013-02-11,-0.000606117484177382
2013-02-12,0.001595272232703504
2013-02-13,0.000592263093356804
2013-02-14,0.0006906716689645265
2013-02-15,-0.0010450813177572682
2013-02-18,0.0
2013-02-19,0.007336475471722448
2013-02-20,-0.012404137955230099
2013-02-21,-0.006303057332801343
2013-02-22,0.008772467921830174
2013-02-25,-0.018309580659152336
2013-02-26,0.006109463971145868
2013-02-27,0.012725994077109837
2013-02-28,-0.0008640799292052304
2013-03-01,0.002323855425648391
2013-03-04,0.00461072337316093
2013-03-05,0.00956601649469957
2013-03-06,0.001084512714484509
2013-03-07,0.0018164914425815581
2013-03-08,0.004481139122655131
2013-03-11,0.0032490857396794137
2013-03-12,-0.0024032529493148713
2013-03-13,0.00131405176760091
2013-03-14,0.005602990523162488
2013-03-15,-0.0016184626244926115
2013-03-18,-0.005510332450180511
2013-03-19,-0.0024225306518709244
2013-03-20,0.006697492376419811
2013-03-21,-0.008282433828555424
2013-03-22,0.007174256352702191
2013-03-25,-0.0033400389194234714
2013-03-26,0.0077851108025177584
2013-03-27,-0.0005883499068413123
2013-03-28,0.00405666949441863
2013-03-31,0.0
2013-04-01,-0.0044735804606589324
2013-04-02,0.005172264111710456
2013-04-03,-0.010546128701639845
2013-04-04,0.004048451943253761
2013-04-05,-0.00429489561132812
2013-04-08,0.006302737952936344
2013-04-09,0.0035443321494683655
2013-04-10,0.01218913260513399
2013-04-11,0.0035522505198095633
2013-04-12,-0.002836767069231527
2013-04-15,-0.022966290584432447
2013-04-16,0.014307223290395576
2013-04-17,-0.014327681394279534
2013-04-18,-0.006701003439812281
2013-04-19,0.008847902373522176
2013-04-22,0.004661629963028435
2013-04-23,0.01041921875000007
2013-04-24,6.340190171760796e-06
2013-04-25,0.0040347322693841114
2013-04-26,-0.0018421130247733286
2013-04-29,0.007186011722218666
2013-04-30,0.002484899676771457
2013-05-01,-0.009307883608932754
2013-05-02,0.009407983261396247
2013-05-03,0.010534666895180678
2013-05-06,0.0019077786269059427
2013-05-07,0.005230269513137653
2013-05-08,0.004139081299929126
2013-05-09,-0.0036871039064235722
2013-05-10,0.004321655306021466
2013-05-13,4.2889368592202715e-05
2013-05-14,0.010142153479971716
2013-05-15,0.0051141362697153525
2013-05-16,-0.005009741163373271
2013-05-17,0.010300096519028301
2013-05-20,-0.000707617924973758
2013-05-21,0.001722386289245481
2013-05-22,-0.008273657594813577
2013-05-23,-0.002923832356719225
2013-05-24,-0.0005513654411685165
2013-05-27,0.0
2013-05-28,0.006340981548631053
2013-05-29,-0.007047981897774669
2013-05-30,0.00367034439193481
2013-05-31,-0.014307241527974024
2013-06-01,0.0
2013-06-03,0.005935988427895333
2013-06-04,-0.005510807488524838
2013-06-05,-0.013779732742503992
2013-06-06,0.008490293972530871
2013-06-07,0.012831541229424204
2013-06-10,-0.00034681344994402785
2013-06-11,-0.010153367167240024
2013-06-12,-0.008369555515669425
2013-06-13,0.014784291377196501
2013-06-14,-0.005885016114436148
2013-06-17,0.007567364431436019
2013-06-18,0.007791157767295331
2013-06-19,-0.013851474486292426
2013-06-20,-0.02501035094286319
2013-06-21,0.002669776576555538
2013-06-24,-0.012145015629135836
2013-06-25,0.009497272121224087
2013-06-26,0.009590486444071455
2013-06-27,0.0061998311850259835
2013-06-28,-0.004289562412875814
2013-06-30,0.0
2013-07-01,0.005403747467634501
2013-07-02,-0.0005449081736377259
2013-07-03,0.0008240472350893313
2013-07-04,0.0
2013-07-05,0.010201732142340214
2013-07-08,0.0052515464964768555
2013-07-09,0.007229670722828763
2013-07-10,0.00018159245054127915
2013-07-11,0.013554249906357896
2013-07-12,0.003086483632862347
2013-07-15,0.001374879432867404
2013-07-16,-0.003708760911961373
2013-07-17,0.0027740472164057284
2013-07-18,0.0050329647425946256
2013-07-19,0.0016100503211176065
2013-07-22,0.0020330263437824403
2013-07-23,-0.0018519369130487462
2013-07-24,-0.0038112215188927934
2013-07-25,0.0025564722015867236
2013-07-26,0.0008282942843145236
2013-07-29,-0.003736037754951127
2013-07-30,0.00037381693747806644
2013-07-31,-0.00013640921141577778
2013-08-01,0.01254056989753427
2013-08-02,0.0016404581697111453
2013-08-05,-0.0014798348405500317
2013-08-06,-0.005723033522392118
2013-08-07,-0.0038058649299111957
2013-08-08,0.003885449938943575
2013-08-09,-0.003569960525698801
2013-08-12,-0.0011529207361400395
2013-08-13,0.002776056134700333
2013-08-14,-0.005176618120080079
2013-08-15,-0.014281601380197961
2013-08-16,-0.0033045953891290836
2013-08-19,-0.005900302398330837
2013-08-20,0.0038211953199089876
2013-08-21,-0.005779602928505545
2013-08-22,0.008619376484360286
2013-08-23,0.003947010921615535
2013-08-26,-0.00403965777164117
2013-08-27,-0.015874194741040237
2013-08-28,0.002747645185721348
2013-08-29,0.0019634016027962886
2013-08-30,-0.0031743183568806455
2013-09-01,0.0
2013-09-02,0.0
2013-09-03,0.004164221602432239
2013-09-04,0.008116953209842404
2013-09-05,0.0012098628337211537
2013-09-06,5.443114110303959e-05
2013-09-09,0.009992880823750605
2013-09-10,0.007345789391592916
2013-09-11,0.0030522833735622257
2013-09-12,-0.0033804153149811222
2013-09-13,0.002714679741101511
2013-09-16,0.0056931530442476674
2013-09-17,0.004217739327674108
2013-09-18,0.012177672896303449
2013-09-19,-0.0018429538196846895
2013-09-20,-0.007216886263627376
2013-09-23,-0.004719586526811925
2013-09-24,-0.0025971430708935372
2013-09-25,-0.00273946595048713
2013-09-26,0.0034854258676535466
2013-09-27,-0.004073801130465626
2013-09-30,-0.0060292307798877065
2013-10-01,0.007998543475556064
2013-10-02,-0.0006666695473820372
2013-10-03,-0.008979414583967338
2013-10-04,0.0070532243451535415
2013-10-07,-0.008506361953748875
2013-10-08,-0.012332078852067663
2013-10-09,0.0005739063518743759
2013-10-10,0.02183049604365883
2013-10-11,0.006286271807078414
2013-10-14,0.004074720335558668
2013-10-15,-0.007063723409320266
2013-10-16,0.013827532394934838
2013-10-17,0.0067439531397044394
2013-10-18,0.006548755402622897
2013-10-21,9.173641713244862e-05
2013-10-22,0.005737513079636436
2013-10-23,-0.004724557241463034
2013-10-24,0.003258134764679621
2013-10-25,0.004394843515520774
2013-10-28,0.001329699787098182
2013-10-29,0.00558419502875096
2013-10-30,-0.004875923596155185
2013-10-31,-0.0038393812241105385
2013-11-01,0.002903421198789946
2013-11-04,0.003570558689741876
2013-11-05,-0.0028055878101066467
2013-11-06,0.004265540341705787
2013-11-07,-0.013182771972194418
2013-11-08,0.013427559516743681
2013-11-11,0.000722931253898329
2013-11-12,-0.0023703916199453445
2013-11-13,0.008095344244797742
2013-11-14,0.00483725876385388
2013-11-15,0.004222034052096646
2013-11-18,-0.00369819718572606
2013-11-19,-0.0020429655768170463
2013-11-20,-0.0036356111002209257
2013-11-21,0.00812856425584818
2013-11-22,0.004961457973002625
2013-11-25,-0.0012633420978621634
2013-11-26,0.00014980445507073448
2013-11-27,0.0024850813860768373
2013-11-28,0.0
2013-11-29,-0.0007856896412440362
2013-11-30,0.0
2013-12-01,0.0
2013-12-02,-0.002719020284730922
2013-12-03,-0.0031928479771501372
2013-12-04,-0.0013034931835718133
2013-12-05,-0.004339572538419101
2013-12-06,0.011237870620775636
2013-12-09,0.0018171001772671058
2013-12-10,-0.003179659038540561
2013-12-11,-0.01131687458772268
2013-12-12,-0.0037705618911193506
2013-12-13,-0.00010141014414954963
2013-12-16,0.006320039831068547
2013-12-17,-0.003100987910356179
2013-12-18,0.01664796429762072
2013-12-19,-0.0005799292044108562
2013-12-20,0.0048187283492318045
2013-12-23,0.00531812014989308
2013-12-24,0.0029157468493599126
2013-12-26,0.004745529147706984
2013-12-27,-0.00033658435338035364
2013-12-30,-0.00017925389411521664
2013-12-31,0.003959675229718407
2014-01-01,0.0
2014-01-02,-0.008861912729460575
2014-01-03,-0.00033296507498215
2014-01-06,-0.0025117674736410134
2014-01-07,0.006081764662643874
2014-01-08,-0.0002122089839386998
2014-01-09,0.0003483091890779111
2014-01-10,0.002306686808393188
2014-01-13,-0.012576216507389826
2014-01-14,0.010817971767347556
2014-01-15,0.005166188100786506
2014-01-16,-0.0013471203041567348
2014-01-17,-0.0038951743709020326
2014-01-20,0.0
2014-01-21,0.0027737519941737343
2014-01-22,0.0005748652214816463
2014-01-23,-0.00888957673985069
2014-01-24,-0.02087544856898549
2014-01-27,-0.004876293940238585
2014-01-28,0.00614065260021901
2014-01-29,-0.010209232261157553
2014-01-30,0.011267044743841437
2014-01-31,-0.0064652996420466735
2014-02-01,0.0
2014-02-03,-0.02283191982018462
2014-02-04,0.007641088938743268
2014-02-05,-0.0020282227794392593
2014-02-06,0.012439792925644788
2014-02-07,0.013301886798946505
2014-02-10,0.0015692347655638095
2014-02-11,0.011062113608869106
2014-02-12,-0.00026926239009483766
2014-02-13,0.005810025082904069
2014-02-14,0.004809216724759979
2014-02-17,0.0
2014-02-18,0.0011584739056558213
2014-02-19,-0.006524484290135191
2014-02-20,0.006031458262132583
2014-02-21,-0.0019187235651341172
2014-02-24,0.00618651346579302
2014-02-25,-0.0013476817370097205
2014-02-26,2.1699977565736717e-05
2014-02-27,0.004948082937896281
2014-02-28,0.0027826887923012578
2014-03-01,0.0
2014-03-03,-0.007378510346287226
2014-03-04,0.01526770113133269
2014-03-05,-5.335132643191631e-05
2014-03-06,0.0017184082710823834
2014-03-07,0.0005380892952486782
2014-03-10,-0.0004632463094992323
2014-03-11,-0.005082138985368356
2014-03-12,0.00030517087837123036
2014-03-13,-0.011701095130556172
2014-03-14,-0.0028217776974703845
2014-03-17,0.009613634629240364
2014-03-18,0.0072196189337276895
2014-03-19,-0.006131649335692324
2014-03-20,0.006040504799839086
2014-03-21,-0.0029326714097337447
2014-03-24,-0.004864709743258144
2014-03-25,0.004403939814465518
2014-03-26,-0.007000319763734719
2014-03-27,-0.0019000838946738874
2014-03-28,0.0046402218845611465
2014-03-31,0.007924102207026662
2014-04-01,0.0070393485966973035
2014-04-02,0.002853326841976367
2014-04-03,-0.0011264502910314222
2014-04-04,-0.012537288005457836
2014-04-07,-0.010750112394172895
2014-04-08,0.0037505537703756975
2014-04-09,0.010918212704340347
2014-04-10,-0.020884795550912827
2014-04-11,-0.009486773662544357
2014-04-14,0.008217286225508769
2014-04-15,0.006757307791485534
2014-04-16,0.010488490558689278
2014-04-17,0.001363852909705754
2014-04-21,0.003775123551313042
2014-04-22,0.004092139025126507
2014-04-23,-0.002213313863220212
2014-04-24,0.0017169605671216726
2014-04-25,-0.008096390978489132
2014-04-28,0.0032360358580392212
2014-04-29,0.004760757069291355
2014-04-30,0.002992016977140688
2014-05-01,-0.0001432614814260713
2014-05-02,-0.0013484450597095465
2014-05-05,0.001871216126306141
2014-05-06,-0.008988392160571124
2014-05-07,0.005616468420812426
2014-05-08,-0.0013736249452109828
2014-05-09,0.001519476431128819
2014-05-12,0.009672737603931392
2014-05-13,0.0004217577030636299
2014-05-14,-0.004701005088166399
2014-05-15,-0.00936180703333589
2014-05-16,0.00374696520677964
2014-05-19,0.0038447864907102947
2014-05-20,-0.00649839809746755
2014-05-21,0.008116098951240547
2014-05-22,0.0023622298736216685
2014-05-23,0.004248391856225497
2014-05-26,0.0
2014-05-27,0.005987805879090757
2014-05-28,-0.0011140717108722997
2014-05-29,0.0053671102654548886
2014-05-30,0.0018436779311643559
2014-05-31,0.0
2014-06-01,0.0
2014-06-02,0.0007278261010281728
2014-06-03,-0.00037921654875650024
2014-06-04,0.001891663548679423
2014-06-05,0.006525279593556643
2014-06-06,0.004627758701298612
2014-06-09,0.0009387712266117898
2014-06-10,-0.00024598362294592224
2014-06-11,-0.0035370410325543666
2014-06-12,-0.00708889350376507
2014-06-13,0.003134561695468774
2014-06-16,0.0008367051734305964
2014-06-17,0.0021725690603942027
2014-06-18,0.007718881307192449
2014-06-19,0.0012774785766593855
2014-06-20,0.0017300583227324307
2014-06-23,-0.00013246407875799893
2014-06-24,-0.006435310620591883
2014-06-25,0.0048975112174378665
2014-06-26,-0.00117888399729138
2014-06-27,0.001910868625069062
2014-06-30,-0.0003722566922789161
2014-07-01,0.006677770440579822
2014-07-02,0.0006588129971369927
2014-07-03,0.005479508115899812
2014-07-04,0.0
2014-07-07,-0.003923521850109468
2014-07-08,-0.00704880201475111
2014-07-09,0.004644267890169251
2014-07-10,-0.004131071874054704
2014-07-11,0.0014709227452411877
2014-07-14,0.004843552990250188
2014-07-15,-0.0019320956634630848
2014-07-16,0.004201084929208676
2014-07-17,-0.01183402645755216
2014-07-18,0.010264935568841116
2014-07-21,-0.0023202504717819705
2014-07-22,0.005016150134305564
2014-07-23,0.0017544380056517817
2014-07-24,0.00048815592189166424
2014-07-25,-0.004849150767687549
2014-07-28,0.0002881549022029084
2014-07-29,-0.004527786939807377
2014-07-30,6.091277451791832e-05
2014-07-31,-0.019999240340662028
2014-08-01,-0.002859121137017251
2014-08-04,0.007189032358413172
2014-08-05,-0.009685469956760784
2014-08-06,1.563854864095049e-05
2014-08-07,-0.0055566200056119674
2014-08-08,0.011531402436471216
2014-08-11,0.0027594252503462258
2014-08-12,-0.00163664161317445
2014-08-13,0.006707160027472625
2014-08-14,0.004345814053963171
2014-08-15,-6.137292417629503e-05
2014-08-18,0.008531672245722488
2014-08-19,0.005000651911710952
2014-08-20,0.002477812999687634
2014-08-21,0.0029498896671826813
2014-08-22,-0.0019925870761225983
2014-08-25,0.004787778824361766
2014-08-26,0.0010510808940034089
2014-08-27,4.9987292607633904e-05
2014-08-28,-0.0016899010514689339
2014-08-29,0.00332041473363498
2014-08-31,0.0
2014-09-01,0.0
2014-09-02,-0.0005440661600049079
2014-09-03,-0.0007791410646480479
2014-09-04,-0.0015344207755288997
2014-09-05,0.005035885365550108
2014-09-08,-0.003073114142502442
2014-09-09,-0.006545009043329442
2014-09-10,0.0036460744169486414
2014-09-11,0.0008819054148185845
2014-09-12,-0.005962558462297207
2014-09-15,-0.0007101514711097545
2014-09-16,0.007484376300642026
2014-09-17,0.0012956437010964716
2014-09-18,0.0048911800862372345
2014-09-19,-0.00047726958102545236
2014-09-22,-0.00801332329681892
2014-09-23,-0.0057765015647701645
2014-09-24,0.00783249148610099
2014-09-25,-0.016168772358634453
2014-09-26,0.008575824615237426
2014-09-29,-0.002546802239196233
2014-09-30,-0.002785928622506484
2014-10-01,-0.013248560995234304
2014-10-02,5.143341477165109e-06
2014-10-03,0.0111655096821337
2014-10-06,-0.0015651598591330806
2014-10-07,-0.015126053030587783
2014-10-08,0.017461650296527242
2014-10-09,-0.02066141501469354
2014-10-10,-0.011451012338901223
2014-10-13,-0.016467929557809624
2014-10-14,0.0015788647774723774
2014-10-15,-0.008100314924121665
2014-10-16,0.0001449777086941495
2014-10-17,0.012884107385910504
2014-10-20,0.00914265720638352
2014-10-21,0.019574487182363987
2014-10-22,-0.0072993302004167315
2014-10-23,0.012303377138681793
2014-10-24,0.007053449392805167
2014-10-27,-0.0015015683952100956
2014-10-28,0.011939073060167393
2014-10-29,-0.0013853554985293615
2014-10-30,0.0062301242403934864
2014-10-31,0.011731393541549506
2014-11-01,0.0
2014-11-03,-0.00011892184463624389
2014-11-04,-0.0028298416808328897
2014-11-05,0.005700497411807115
2014-11-06,0.0037755130048497954
2014-11-07,0.00034958621780534216
2014-11-10,0.003120184693883088
2014-11-11,0.0006966942090356198
2014-11-12,-0.0007011166816754955
2014-11-13,0.0005298447465655887
2014-11-14,0.00024027020881067784
2014-11-17,0.0007353590216279127
2014-11-18,0.005133983312177293
2014-11-19,-0.0015011590075549863
2014-11-20,0.0019670962134916703
2014-11-21,0.0052368773596394025
2014-11-24,0.0028640233144536786
2014-11-25,-0.0011500296768531815
2014-11-26,0.0028059818899186517
2014-11-27,0.0
2014-11-28,-0.002542427180532325
2014-11-30,0.0
2014-12-01,-0.006829362527492333
2014-12-02,0.006384461097458161
2014-12-03,0.0037647427417917267
2014-12-04,-0.0011618962070774064
2014-12-05,0.0016652165347093018
2014-12-08,-0.007256565211683386
2014-12-09,-0.00023782354133117245
2014-12-10,-0.01635096881921505
2014-12-11,0.0045356892119050585
2014-12-12,-0.016213587335965784
2014-12-15,-0.006342586611898127
2014-12-16,-0.008489022887163578
2014-12-17,0.020352415732846962
2014-12-18,0.02401520473971619
2014-12-19,0.004570048934014581
2014-12-22,0.003810463907886641
2014-12-23,0.0017463617463617798
2014-12-24,-0.00013929653841071588
2014-12-26,0.003309574570383944
2014-12-29,0.0008617745425745227
2014-12-30,-0.0048886047197381766
2014-12-31,-0.010310858415930158
2015-01-01,0.0
2015-01-02,-0.0003399636723855348
2015-01-05,-0.018278105145113743
2015-01-06,-0.008893471722946522
2015-01-07,0.01162984267174294
2015-01-08,0.017888280629516196
2015-01-09,-0.008403811034715436
2015-01-12,-0.008093685160912578
2015-01-13,-0.0025785552362955766
2015-01-14,-0.005813067327385291
2015-01-15,-0.009247875921837956
2015-01-16,0.013424199395820402
2015-01-19,0.0
2015-01-20,0.0015499523698385698
2015-01-21,0.004731623968765364
2015-01-22,0.015269721916580492
2015-01-23,-0.005491522439307173
2015-01-26,0.002568460857030219
2015-01-27,-0.013387862410411011
2015-01-28,-0.013495609366348305
2015-01-29,0.009534685287099887
2015-01-30,-0.012991965252009852
2015-01-31,0.0
2015-02-01,0.0
2015-02-02,0.01296246371066978
2015-02-03,0.014439495293299576
2015-02-04,-0.0041560462088314765
2015-02-05,0.010291406686777416
2015-02-06,-0.0034181723141418763
2015-02-09,-0.004247194360987749
2015-02-10,0.010675561019232394
2015-02-11,-2.903358867545336e-05
2015-02-12,0.009644506431775834
2015-02-13,0.004074738491730789
2015-02-16,0.0
2015-02-17,0.0015975744623728527
2015-02-18,-0.0003143092177338991
2015-02-19,-0.0010620573331896477
2015-02-20,0.006126533626735764
2015-02-23,-0.0003033391953459752
2015-02-24,0.002758770892866691
2015-02-25,-0.0007657236475081541
2015-02-26,-0.001476028227480719
2015-02-27,-0.0029563045487578377
2015-02-28,0.0
2015-03-01,0.0
2015-03-02,0.006124919257840311
2015-03-03,-0.0045385421527393
2015-03-04,-0.00438850348301556
2015-03-05,0.0011960799848387271
2015-03-06,-0.014173946589881803
2015-03-09,0.0039444211911976446
2015-03-10,-0.01696133008584244
2015-03-11,-0.0019176795748703235
2015-03-12,0.012601439566208406
2015-03-13,-0.006074710968194674
2015-03-16,0.013533671171787054
2015-03-17,-0.003320173700583018
2015-03-18,0.012158421402569175
2015-03-19,-0.004872579408787825
2015-03-20,0.00901275466979845
2015-03-23,-0.0017457310425351702
2015-03-24,-0.006139421956948832
2015-03-25,-0.014558905652342857
2015-03-26,-0.002377499996742527
2015-03-27,0.0023685613495147972
2015-03-30,0.012236645187396533
2015-03-31,-0.008795775050879251
2015-04-01,-0.003965371271123064
2015-04-02,0.0035296669586522
2015-04-03,0.0
2015-04-06,0.0066088151237357895
2015-04-07,-0.0020619040578628844
2015-04-08,0.002682533127767339
2015-04-09,0.004457481018385057
2015-04-10,0.005202865037342352
2015-04-13,-0.00458128059365126
2015-04-14,0.0016297588743277025
2015-04-15,0.005148195696902835
2015-04-16,-0.0007784436134247175
2015-04-17,-0.011311245518606405
2015-04-20,0.009235131672624686
2015-04-21,-0.0014806053255762563
2015-04-22,0.005087480356207541
2015-04-23,0.002357715893671175
2015-04-24,0.002252800575326619
2015-04-27,-0.004141314249916261
2015-04-28,0.0027692316953564777
2015-04-29,-0.0037403355807980043
2015-04-30,-0.010128906614839228
2015-05-01,0.010923001659165044
2015-05-04,0.002940748690645867
2015-05-05,-0.011837383677612334
2015-05-06,-0.004455724813014705
2015-05-07,0.0037738134388320965
2015-05-08,0.013457901176364917
2015-05-11,-0.005089560528435566
2015-05-12,-0.0029496376848567873
2015-05-13,-0.00030495478248648844
2015-05-14,0.010779286625573148
2015-05-15,0.0007684139066803652
2015-05-18,0.003047948049283322
2015-05-19,-0.0006433745436266181
2015-05-20,-0.0009305162517933008
2015-05-21,0.0023378744854138933
2015-05-22,-0.002233886303356414
2015-05-26,-0.010281980197837881
2015-05-27,0.009162641262365545
2015-05-28,-0.0012667608976734135
2015-05-29,-0.0063184691730722164
2015-05-31,0.0
2015-06-01,0.002059461282371222
2015-06-02,-0.0010085961899480855
2015-06-03,0.0021188711112078984
2015-06-04,-0.008623167576889856
2015-06-05,-0.0014361829335245435
2015-06-08,-0.006474509789282434
2015-06-09,0.00041835300422188304
2015-06-10,0.012042424827124476
2015-06-11,0.0017386264178671507
2015-06-12,-0.0069942998817651425
2015-06-15,-0.004622572493653387
2015-06-16,0.0056898566086796
2015-06-17,0.0019796413026920145
2015-06-18,0.009902710578908236
2015-06-19,-0.0053035017498218595
2015-06-22,0.006094866554531064
2015-06-23,0.0006358685039113965
2015-06-24,-0.00735329696164333
2015-06-25,-0.0029735743006855664
2015-06-26,-0.0003900796440671206
2015-06-29,-0.02086619391956246
2015-06-30,0.0026584898861461426
2015-07-01,0.006936040108400654
2015-07-02,-0.0003080227407983305
2015-07-03,0.0
2015-07-06,-0.003861756863082544
2015-07-07,0.00608097510857486
2015-07-08,-0.016652749054007043
2015-07-09,0.0022622025726091177
2015-07-10,0.012338485100151564
2015-07-13,0.011066049239604414
2015-07-14,0.004453159211633695
2015-07-15,-0.000734986066058041
2015-07-16,0.008014680412562258
2015-07-17,0.001106182994042637
2015-07-20,0.00077123387202227
2015-07-21,-0.0042616893616069795
2015-07-22,-0.0023877098952062026
2015-07-23,-0.005676040278268291
2015-07-24,-0.01070332804283558
2015-07-27,-0.005775015185050969
2015-07-28,0.012386154626733425
2015-07-29,0.007318795346650031
2015-07-30,2.836730636679441e-05
2015-07-31,-0.002271519985995063
2015-08-01,0.0
2015-08-03,-0.002756886733696673
2015-08-04,-0.002249704779339723
2015-08-05,0.0031146787487494887
2015-08-06,-0.00775298528243118
2015-08-07,-0.0028748824444340126
2015-08-10,0.012808166466444781
2015-08-11,-0.00955710249815489
2015-08-12,0.0009500546545004873
2015-08-13,-0.0012752120935421996
2015-08-14,0.003911964108786803
2015-08-17,0.00521142418513576
2015-08-18,-0.002625530186397551
2015-08-19,-0.008254876246131082
2015-08-20,-0.021100170073477753
2015-08-21,-0.031850965718637325
2015-08-24,-0.03941369286646568
2015-08-25,-0.01352199497897244
2015-08-26,0.03903385877450183
2015-08-27,0.024297748621125326
2015-08-28,0.0006087363616984476
2015-08-31,-0.008391670369217175
2015-09-01,-0.029576446640986798
2015-09-02,0.01829297500443139
2015-09-03,0.0011647935451044589
2015-09-04,-0.015329595723932221
2015-09-07,0.0
2015-09-08,0.02508305358648033
2015-09-09,-0.01389756050907287
2015-09-10,0.005277955033794246
2015-09-11,0.004487043210972708
2015-09-14,-0.004089655710746709
2015-09-15,0.01283131142251781
2015-09-16,0.008705414349693852
2015-09-17,-0.002561059320011938
2015-09-18,-0.016164165744279924
2015-09-21,0.004565783605198437
2015-09-22,-0.012318429274285614
2015-09-23,-0.002048642890328245
2015-09-24,-0.003362984329369434
2015-09-25,-0.00046579328582951884
2015-09-28,-0.02566609046896018
2015-09-29,0.001232853252514099
2015-09-30,0.019075555906861608
2015-10-01,0.001973884228037459
2015-10-02,0.014315289284541954
2015-10-05,0.018289840800508328
2015-10-06,-0.0035882361830883447
2015-10-07,0.008035633639867479
2015-10-08,0.008818435459823082
2015-10-09,0.000725111326717931
2015-10-12,0.0012754772073804155
2015-10-13,-0.0
2015-10-14,-0.0047162741982138545
2015-10-15,0.01485277361914017
2015-10-16,0.0
2015-10-19,0.0
2015-10-20,-0.0
2015-10-21,-0.005825414995899281
2015-10-22,0.01662757156411132
2015-10-23,0.011030344539323389
2015-10-26,-0.0
2015-10-27,-0.002554118539720318
2015-10-28,0.01184003327863703
2015-10-29,-0.0004497742019048401
2015-10-30,-0.004809877003672414
2015-10-31,0.0
2015-11-01,0.0
2015-11-02,0.011873817006551102
2015-11-03,0.002728067346863705
2015-11-04,-0.003545367230984642
2015-11-05,-0.0011321483923818487
2015-11-06,-0.0003476213457177524
2015-11-09,-0.009822729385718598
2015-11-10,0.0015105949543003927
2015-11-11,-0.003228085812548187
2015-11-12,-0.013990375564759017
2015-11-13,-0.011207364706699363
2015-11-16,0.014903265264943455
2015-11-17,-0.0013393792481354305
2015-11-18,0.01616245179852549
2015-11-19,-0.00112310916925773
2015-11-20,0.003810195689989637
2015-11-23,-0.0012348607728660532
2015-11-24,0.0012219959743400288
2015-11-25,-0.00012913227667687988
2015-11-26,0.0
2015-11-27,0.0005936176807606053
2015-11-30,-0.004640997274763192
2015-12-01,0.01068057336863748
2015-12-02,-0.010995693172566212
2015-12-03,-0.014373526666262015
2015-12-04,0.0205256690573854
2015-12-07,-0.006989502964787397
2015-12-08,-0.0064899016523778386
2015-12-09,-0.007738985017979982
2015-12-10,0.0022513871531610885
2015-12-11,-0.019422767297482935
2015-12-14,0.004755560017433602
2015-12-15,0.010618561082731848
2015-12-16,0.014514969430300617
2015-12-17,-0.015040520909943678
2015-12-18,-0.01779722000676387
2015-12-21,0.0077784025360287945
2015-12-22,0.008816736053143037
2015-12-23,0.01241806830075265
2015-12-24,-0.001598636221499028
2015-12-28,-0.00217855994238203
2015-12-29,0.010629762908764828
2015-12-30,-0.007217228595965963
2015-12-31,-0.00941191309542666
2016-01-01,0.0
2016-01-04,-0.015303731089594375
2016-01-05,0.0020122259542274534
2016-01-06,-0.013115396702646942
2016-01-07,-0.023700443014411654
2016-01-08,-0.010838374390218508
2016-01-11,0.0008532721255336551
2016-01-12,0.00780279851675636
2016-01-13,-0.02496545230421965
2016-01-14,0.016695905386662213
2016-01-15,-0.021599098001850003
2016-01-18,0.0
2016-01-19,0.0005318215543925753
2016-01-20,-0.011693855152413501
2016-01-21,0.005195438361131455
2016-01-22,0.020283701024494727
2016-01-25,-0.015637982053378963
2016-01-26,0.014144335590226431
2016-01-27,-0.010863483795639506
2016-01-28,0.005528577205787588
2016-01-29,0.0247602174153414
2016-01-31,0.0
2016-02-01,-0.00044323658717015935
2016-02-02,-0.018743090830274922
2016-02-03,0.004992038934619414
2016-02-04,0.0015267325638141926
2016-02-05,-0.018481246310869337
2016-02-08,-0.014153935656373462
2016-02-09,-0.0006636203533073592
2016-02-10,-0.00018895027740828407
2016-02-11,-0.012301161792504733
2016-02-12,0.019518049565855122
2016-02-15,0.0
2016-02-16,0.01651665412216241
2016-02-17,0.01648043921048603
2016-02-18,-0.004665713707027619
2016-02-19,-2.6032942938902792e-05
2016-02-22,0.014454197186153817
2016-02-23,-0.012454371867771763
2016-02-24,0.004439786812972857
2016-02-25,0.011348275359951865
2016-02-26,-0.0018701144822791393
2016-02-29,-0.008120976341902342
2016-03-01,0.023868791801894718
2016-03-02,0.004094308735004493
2016-03-03,0.0034987406745825567
2016-03-04,0.0033058923144386743
2016-03-07,0.0008850141950174084
2016-03-08,-0.011240108649505087
2016-03-09,0.0050523932937867055
2016-03-10,0.00015580493345068724
2016-03-11,0.01639550053418848
2016-03-14,-0.001260972921287129
2016-03-15,-0.0018369416879204792
2016-03-16,0.005600351545632654
2016-03-17,0.006595236486620859
2016-03-18,0.004405643688967897
2016-03-21,0.0009855772666846896
2016-03-22,-0.000877387766836879
2016-03-23,-0.006386031602501285
2016-03-24,-0.0003780702927851376
2016-03-28,0.0005452554858313974
2016-03-29,0.008816651779288476
2016-03-30,0.004350315260639448
2016-03-31,-0.00203975921756705
2016-04-01,0.006330915127309877
2016-04-04,-0.003208322345054082
2016-04-05,-0.010144492387214377
2016-04-06,0.010507619269939372
2016-04-07,-0.011975786526205012
2016-04-08,0.0027865779152880243
2016-04-11,-0.0027397858070188352
2016-04-12,0.0096621337827838
2016-04-13,0.01004013710204088
2016-04-14,0.0001729273803483533
2016-04-15,-0.0009842848497145784
2016-04-18,0.006541025289023228
2016-04-19,0.0030844851678346608
2016-04-20,0.0007615448773992117
2016-04-21,-0.005194027008290192
2016-04-22,4.785972478082989e-05
2016-04-25,-0.0018120458796383465
2016-04-26,0.0018727515871905798
2016-04-27,0.001649352800310755
2016-04-28,-0.009230768513682652
2016-04-29,-0.005063088369821722
2016-04-30,0.0
2016-05-01,0.0
2016-05-02,0.007809946463542827
2016-05-03,-0.008676638198860664
2016-05-04,-0.005936889314214544
2016-05-05,-0.0002390081258001331
2016-05-06,0.0031746390805036384
2016-05-09,0.0007534970439868616
2016-05-10,0.012483643435067249
2016-05-11,-0.009561518078546327
2016-05-12,-0.0001694649071644072
2016-05-13,-0.00847828902508041
2016-05-16,0.009796652464963085
2016-05-17,-0.009411297455333645
2016-05-18,0.00020517873267866804
2016-05-19,-0.003706707658226005
2016-05-20,0.006019504059596059
2016-05-23,-0.0020854589704891735
2016-05-24,0.013681382686285826
2016-05-25,0.006974740643369559
2016-05-26,-0.00021044390350322129
2016-05-27,0.004286857336424754
2016-05-30,0.0
2016-05-31,-0.0010052630048559275
2016-06-01,0.0011350423274503196
2016-06-02,0.0028246780734553223
2016-06-03,-0.002911814656949452
2016-06-06,0.004897281193053882
2016-06-07,0.0012894462510633087
2016-06-08,0.0033095665337075086
2016-06-09,-0.0017177585589538413
2016-06-10,-0.009175181182794367
2016-06-13,-0.008115191387155773
2016-06-14,-0.0017988851350955182
2016-06-15,-0.0018407128700851372
2016-06-16,0.0031329906996742096
2016-06-17,-0.0032579654199809127
2016-06-20,0.00580818525653326
2016-06-21,0.002712061607464289
2016-06-22,-0.0016515636618127383
2016-06-23,0.01336407865930278
2016-06-24,-0.035919799994431734
2016-06-27,-0.01809650217612302
2016-06-28,0.01777016508725926
2016-06-29,0.017032672570028273
2016-06-30,0.013565044705922347
2016-07-01,0.00194860235588723
2016-07-04,0.0
2016-07-05,-0.006847477437932237
2016-07-06,0.005352963242081676
2016-07-07,-0.0008715778419239317
2016-07-08,0.015253349296718177
2016-07-11,0.003408615474199461
2016-07-12,0.007009293213798395
2016-07-13,0.00013476775533982632
2016-07-14,0.00525920411762093
2016-07-15,-0.0009289473209127541
2016-07-18,0.002382294987840705
2016-07-19,-0.0014351736522938419
2016-07-20,0.004270300173431885
2016-07-21,-0.003612528916297486
2016-07-22,0.004553964713003289
2016-07-25,-0.0030114751244342264
2016-07-26,0.0003227842443460638
2016-07-27,-0.0011985421207814095
2016-07-28,0.0016062090221755643
2016-07-29,0.0016313092573088106
2016-07-31,0.0
2016-08-01,-0.0012697872845152114
2016-08-02,-0.006361619481225378
2016-08-03,0.0031339432802557354
2016-08-04,0.00021257188969192597
2016-08-05,0.008603496447961101
2016-08-08,-0.0009071655678379864
2016-08-09,0.0003897939364765346
2016-08-10,-0.0028646859974036376
2016-08-11,0.004734588012062169
2016-08-12,-0.0007960463737501922
2016-08-15,0.0027929092187690685
2016-08-16,-0.00547907701986905
2016-08-17,0.001868589648029051
2016-08-18,0.0021996173129046337
2016-08-19,-0.0014402713809749113
2016-08-22,-0.000563323157221185
2016-08-23,0.0019517694055308787
2016-08-24,-0.005240276852734871
2016-08-25,-0.0013652276243513173
2016-08-26,-0.0015788165944199406
2016-08-29,0.005228047221710774
2016-08-30,-0.0019536804841114863
2016-08-31,-0.0023758642617150993
2016-09-01,-4.1384533048027805e-05
2016-09-02,0.004201041336424849
2016-09-05,0.0
2016-09-06,0.0029816787577114923
2016-09-07,-0.0001463852229309781
2016-09-08,-0.0022230136296667036
2016-09-09,-0.02452206896667508
2016-09-12,0.01467705274849096
2016-09-13,-0.014830674258895948
2016-09-14,-0.0005876766502063147
2016-09-15,0.010109273363029914
2016-09-16,-0.0037722947474507773
2016-09-19,-1.8603060785604697e-05
2016-09-20,0.0002991382171499968
2016-09-21,0.010917162352442444
2016-09-22,0.006499784427785649
2016-09-23,-0.00573677446354337
2016-09-26,-0.008587762798917709
2016-09-27,0.006444170055012188
2016-09-28,0.005296554012835575
2016-09-29,-0.009321411497187015
2016-09-30,0.007967969231286176
2016-10-01,0.0
2016-10-03,-0.0032606955294726125
2016-10-04,-0.0049555622707156965
2016-10-05,0.0042966906501935576
2016-10-06,0.00048155976529717925
2016-10-07,-0.0032534833570118105
2016-10-10,0.004605905039596125
2016-10-11,-0.012446471596532338
2016-10-12,0.001146589037580359
2016-10-13,-0.0030992637479612117
2016-10-14,0.00020160447857309194
2016-10-17,-0.003037994040303138
2016-10-18,0.006160403318245855
2016-10-19,0.0021919710189710617
2016-10-20,-0.0013757239543792377
2016-10-21,-8.414160005176807e-05
2016-10-24,0.004749839541692946
2016-10-25,-0.0037977277864983394
2016-10-26,-0.0017404116452881535
2016-10-27,-0.0029867267366989747
2016-10-28,-0.0031082993435224138
2016-10-31,-0.00012227640782913607
2016-11-01,-0.006786883476427641
2016-11-02,-0.00652550029741239
2016-11-03,-0.004423400838946101
2016-11-04,-0.0016661307322337615
2016-11-07,0.022223543967337278
2016-11-08,0.0037719744542996647
2016-11-09,0.011077020753253342
2016-11-10,0.0019507459501284519
2016-11-11,-0.0013979503036608554
2016-11-14,-0.00011550278622274313
2016-11-15,0.007480797417763307
2016-11-16,-0.0015822634216101639
2016-11-17,0.004676369608375142
2016-11-18,-0.002386798421690206
2016-11-21,0.0074614006258433285
2016-11-22,0.002165432272904111
2016-11-23,0.0008080244329033981
2016-11-24,0.0
2016-11-25,0.003914386891670674
2016-11-28,-0.005254535631502799
2016-11-29,0.0013352930642269722
2016-11-30,-0.0026534040390964186
2016-12-01,-0.0035155289737457407
2016-12-02,0.00039700650631591117
2016-12-05,0.005821305253253195
2016-12-06,0.0034108883546988267
2016-12-07,0.013163241364864575
2016-12-08,0.0021593430473272335
2016-12-09,0.005938984786955759
2016-12-12,-0.0011374349205595102
2016-12-13,0.006539774750587091
2016-12-14,-0.00811717185395111
2016-12-15,0.0038832279549072535
2016-12-16,-0.0017506226204834219
2016-12-19,0.001975120701520394
2016-12-20,0.0036375121488696482
2016-12-21,-0.0024573614565177593
2016-12-22,-0.0018629737285675851
2016-12-23,0.0012517152775348706
2016-12-27,0.0022483727122095676
2016-12-28,-0.008356529175972627
2016-12-29,-0.000293304709629405
2016-12-30,-0.004637050227782158
2016-12-31,0.0
2017-01-01,0.0
2017-01-03,0.008486575281279274
2017-01-04,0.005722273788525856
2017-01-05,-0.0007706704833204681
2017-01-06,0.0035169592193697863
2017-01-09,-0.0035485942758867184
2017-01-10,0.0
2017-01-11,0.0028296382793233654
2017-01-12,-0.0021448089967596173
2017-01-13,0.0018498402425362048
2017-01-16,0.0
2017-01-17,-0.0029675026899970147
2017-01-18,0.0017637540575008437
2017-01-19,-0.003609308355419394
2017-01-20,0.003366237154707852
2017-01-23,-0.002690124758069401
2017-01-24,0.006564593637664151
2017-01-25,0.008026090549617448
2017-01-26,-0.0007353844075136395
2017-01-27,-0.000866463892926328
2017-01-30,-0.006009543517695892
2017-01-31,-0.0008899054071440649
2017-02-01,0.00029836348965073256
2017-02-02,0.0005703094032936118
2017-02-03,0.007264758098647794
2017-02-06,-0.002115356985885164
2017-02-07,0.00022682918569594257
2017-02-08,0.0006933223855400961
2017-02-09,0.005752546449780516
2017-02-10,0.003566050102845164
2017-02-13,0.005245845097992419
2017-02-14,0.004007335176634763
2017-02-15,0.004992308919898214
2017-02-16,-0.0008641180363413437
2017-02-17,0.0016785565287558146
2017-02-20,0.0
2017-02-21,0.006048066160828425
2017-02-22,-0.001082200145408052
2017-02-23,0.00041898672168572126
2017-02-24,0.0014933641914423035
2017-02-27,0.0010179830611165563
2017-02-28,-0.0025783763780462543
2017-03-01,0.013673854659866258
2017-03-02,-0.005859880503598425
2017-03-03,0.0005038772720600271
2017-03-06,-0.0032772408480052917
2017-03-07,-0.0029133737680216987
2017-03-08,-0.002284215165048731
2017-03-09,0.0007998953585612867
2017-03-10,0.003268670195698986
2017-03-13,0.0003666328125562224
2017-03-14,-0.0033790271755046453
2017-03-15,0.008374752796581397
2017-03-16,-0.0016267102694209612
2017-03-17,-0.0013143147950017697
2017-03-20,-0.0020098935338483948
2017-03-21,-0.012407972940626899
2017-03-22,0.0018898864360001877
2017-03-23,-0.001060269661328106
2017-03-24,-0.0008439958489141475
2017-03-27,-0.001019587452981141
2017-03-28,0.007251474353500598
2017-03-29,0.001085324742930105
2017-03-30,0.002935109936855751
2017-03-31,-0.002255047489714501
2017-04-01,0.0
2017-04-03,-0.0016421255420062675
2017-04-04,0.0005595225490382383
2017-04-05,-0.0030548611983906016
2017-04-06,0.001929509405943275
2017-04-07,-0.0008271302020167459
2017-04-10,0.0006876864837839225
2017-04-11,-0.001433879303282093
2017-04-12,-0.003759951034546627
2017-04-13,-0.006814694227374907
2017-04-17,0.008613348940219367
2017-04-18,-0.0029033798625895946
2017-04-19,-0.0017163507793208632
2017-04-20,0.007557263417987681
2017-04-21,-0.0030350729326357184
2017-04-24,0.01084006896297951
2017-04-25,0.006090687476747014
2017-04-26,-0.00048570348354270987
2017-04-27,0.0005529198041311911
2017-04-28,-0.0019131470681601481
2017-04-30,0.0
2017-05-01,0.0017322905115801923
2017-05-02,0.0011890499458222514
2017-05-03,-0.0012713605313821041
2017-05-04,0.0005821026438950216
2017-05-05,0.0040886954080285864
2017-05-08,3.744597299082386e-05
2017-05-09,-0.0010252486299153762
2017-05-10,0.0011306013658478609
2017-05-11,-0.002162809124616749
2017-05-12,-0.0014784413679722608
2017-05-15,0.004776513648450997
2017-05-16,-0.0006868970151433507
2017-05-17,-0.018178214414433458
2017-05-18,0.003686818283279214
2017-05-19,0.006767499942466504
2017-05-22,0.005160131149745784
2017-05-23,0.001837871992654172
2017-05-24,0.002489126548973042
2017-05-25,0.00444194837709877
2017-05-26,0.00031054999597146526
2017-05-29,0.0
2017-05-30,-0.0012046245861250249
2017-05-31,-0.000459968801852062
2017-06-01,0.007571112611303388
2017-06-02,0.0037077313104922904
2017-06-05,-0.001217665183814387
2017-06-06,-0.0027790399654609166
2017-06-07,0.0015682572275503848
2017-06-08,0.00026720472849017796
2017-06-09,-0.0008299892344156845
2017-06-12,-0.000978763178264619
2017-06-13,0.004511505177332342
2017-06-14,-0.0009958307964025304
2017-06-15,-0.0022395981461527104
2017-06-16,0.0002836393681004967
2017-06-19,0.008347228657875183
2017-06-20,-0.0066966373620162
2017-06-21,-0.0005826443900691647
2017-06-22,-0.00045578207221763645
2017-06-23,0.0015609155178168965
2017-06-26,0.000315801794623205
2017-06-27,-0.00807282488613359
2017-06-28,0.008808066374833778
2017-06-29,-0.008600023246820632
2017-06-30,0.0015332318107057485
2017-07-01,0.0
2017-07-03,0.002310833849555216
2017-07-04,0.0
2017-07-05,0.001453279024245635
2017-07-06,-0.009368823820586791
2017-07-07,0.006403125486305727
2017-07-10,0.0009277662125786179
2017-07-11,-0.0007826806116978391
2017-07-12,0.007305607635895495
2017-07-13,0.0018745843139260643
2017-07-14,0.004673503078699293
2017-07-17,-5.291283677333336e-05
2017-07-18,0.0005978573436131729
2017-07-19,0.005372639356088893
2017-07-20,-0.00015365928181010347
2017-07-21,-0.00036787164783502746
2017-07-24,-0.0010637348279797232
2017-07-25,0.002923171678338221
2017-07-26,0.0002826639480466575
2017-07-27,-0.0009726882691745153
2017-07-28,-0.001341115577770502
2017-07-31,-0.0007281456077897763
2017-08-01,0.0024491149692504877
2017-08-02,0.0004926487188865458
2017-08-03,-0.002183654185644257
2017-08-04,0.0018891035295691694
2017-08-07,0.001647199789928111
2017-08-08,-0.0024144327873969473
2017-08-09,-0.00036360867105078576
2017-08-10,-0.014474441722801767
2017-08-11,0.0012755699762128092
2017-08-14,0.010043754544535322
2017-08-15,-0.0004988078808476626
2017-08-16,0.0014201029158569245
2017-08-17,-0.015436952160958639
2017-08-18,-0.0018353673110713675
2017-08-21,0.001162651069903653
2017-08-22,0.00994077978775465
2017-08-23,-0.0034535927149730306
2017-08-24,-0.0020744620703185834
2017-08-25,0.0016728693563305974
2017-08-28,0.00048707205438569545
2017-08-29,0.000842821736810162
2017-08-30,0.004615148933961866
2017-08-31,0.005720976220730423
2017-09-01,0.001982540682532896
2017-09-04,0.0
2017-09-05,-0.007550806889900619
2017-09-06,0.0031287267736885838
2017-09-07,-0.00017843612323464875
2017-09-08,-0.001488850703918465
2017-09-11,0.01083929931877714
2017-09-12,0.0033639480109453057
2017-09-13,0.0007571207193879381
2017-09-14,-0.0011007176162897148
2017-09-15,0.0018471814878802117
2017-09-18,0.0014559207541648966
2017-09-19,0.0011101954279371107
2017-09-20,0.0006343478158390425
2017-09-21,-0.0030459176984141134
2017-09-22,0.0006477937229520947
2017-09-25,-0.002222050282888466
2017-09-26,7.216672978804795e-05
2017-09-27,0.004085143947080816
2017-09-28,0.001204615596159142
2017-09-29,0.0037051100814438076
2017-09-30,0.0
2017-10-01,0.0
2017-10-02,0.003874003457017716
2017-10-03,0.0021588381272976687
2017-10-04,0.0012467201713795006
2017-10-05,0.005646787369921524
2017-10-06,-0.0010736344069645076
2017-10-09,-0.0018044339160793177
2017-10-10,0.002322412261707374
2017-10-11,0.0018035072962026
2017-10-12,-0.0016867529508860502
2017-10-13,0.0008781073155288421
2017-10-16,0.0017507533144689447
2017-10-17,0.0006725789853143649
2017-10-18,0.0007423349056041584
2017-10-19,0.00032799789456050554
2017-10-20,0.0051168427389869375
2017-10-23,-0.003972484039719171
2017-10-24,0.001617908278173541
2017-10-25,-0.004663049754275228
2017-10-26,0.001270946219078306
2017-10-27,0.008073022498049642
2017-10-30,-0.003192470570786421
2017-10-31,0.0009444586571358826
2017-11-01,0.0015921101716727115
2017-11-02,0.00018996581088659426
2017-11-03,0.0030970753849743904
2017-11-06,0.0012712512404724485
2017-11-07,-0.00018910292286977715
2017-11-08,0.001443655000098465
2017-11-09,-0.003761887644002093
2017-11-10,-0.0008976438525517549
2017-11-13,0.0009836343625724275
2017-11-14,-0.0023096092988857952
2017-11-15,-0.005525675723266343
2017-11-16,0.008196058063241196
2017-11-17,-0.0026259630899742037
2017-11-20,0.0012756828808564435
2017-11-21,0.006541139295859866
2017-11-22,-0.0007502611166068096
2017-11-23,0.0
2017-11-24,0.0020560951489239088
2017-11-27,-0.0003842577408796899
2017-11-28,0.00984851271879017
2017-11-29,-0.000369225702197995
2017-11-30,0.008190950433802913
2017-12-01,-0.002024530803113933
2017-12-04,-0.0010521566439205543
2017-12-05,-0.0037393815604747083
2017-12-06,-0.00011410565998426492
2017-12-07,0.0029323579853828274
2017-12-08,0.005506306319651655
2017-12-11,0.003201957471006933
2017-12-12,0.001548922064604108
2017-12-13,-0.0004729570906678582
2017-12-14,-0.004070859227173984
2017-12-15,0.008974343513216354
2017-12-18,0.005362807225250732
2017-12-19,-0.0032302694598687065
2017-12-20,-0.0008278931807477186
2017-12-21,0.0019856558213586784
2017-12-22,-0.0004581666477052604
2017-12-25,0.0
2017-12-26,-0.0010584151831672939
2017-12-27,0.0007909409391904099
2017-12-28,0.0018339987251561052
2017-12-29,-0.005183153157965359
2017-12-31,0.0
2018-01-01,0.0
2018-01-02,0.008303361477520088
2018-01-03,0.006398818768781567
2018-01-04,0.004028636080503967
2018-01-05,0.007033767443369587
2018-01-08,0.0016623439316436617
2018-01-09,0.0013029315960912946
2018-01-10,-0.0011122268282528491
2018-01-11,0.007033646478779465
2018-01-12,0.006749602987881076
2018-01-15,0.0
2018-01-16,-0.003524487622672101
2018-01-17,0.009415051560751175
2018-01-18,-0.0016163897301626484
2018-01-19,0.004385235112838837
2018-01-22,0.008066726499347698
2018-01-23,0.0021743654797181655
2018-01-24,-0.0005599757022828333
2018-01-25,0.0006026209018938911
2018-01-26,0.011841196508761032
2018-01-29,-0.006731974332887192
2018-01-30,-0.010898815620283941
2018-01-31,0.0004889853730833948
2018-02-01,-0.0006480882520516484
2018-02-02,-0.02120854792396809
2018-02-05,-0.04097922480422822
2018-02-06,0.017440920592313836
2018-02-07,-0.005001588416939429
2018-02-08,-0.0
2018-02-09,0.0
2018-02-12,0.013914584754042503
2018-02-13,0.0026129297463290957
2018-02-14,0.013402458257245842
2018-02-15,0.012069112762299383
2018-02-16,0.0003734693722488025
2018-02-19,0.0
2018-02-20,-0.005841389459353419
2018-02-21,-0.0054965031281792864
2018-02-22,0.0009735510790762625
2018-02-23,0.01602837635051313
2018-02-26,0.011757015343810906
2018-02-27,-0.012706888443829278
2018-02-28,-0.011095788639207016
2018-03-01,-0.013324399541987275
2018-03-02,0.005071602744632031
2018-03-05,0.011032026532745043
2018-03-06,0.002638858606169414
2018-03-07,-0.00048387472056610203
2018-03-08,0.004463078207817217
2018-03-09,0.01737883151892694
2018-03-12,-0.001273985129042532
2018-03-13,-0.006363576551088879
2018-03-14,-0.005724521948562322
2018-03-15,-0.000781930531963182
2018-03-16,0.001703447167811456
2018-03-19,-0.014204195388793028
2018-03-20,0.0014818054520648882
2018-03-21,-0.0018439898833508828
2018-03-22,-0.025162888405856454
2018-03-23,-0.02096688071186603
2018-03-26,0.02715725576151251
2018-03-27,-0.017276308813847896
2018-03-28,-0.0
2018-03-29,0.0
2018-03-31,0.0
2018-04-01,0.0
2018-04-02,-0.022337423560165104
2018-04-03,0.012614865848792123
2018-04-04,0.01156648273982852
2018-04-05,0.0068628636575538415
2018-04-06,-0.021920248779842444
2018-04-09,0.0033365488963206236
2018-04-10,0.0167269537832615
2018-04-11,-0.005525364482924067
2018-04-12,0.008250750063987677
2018-04-13,-0.0028866254882486952
2018-04-16,0.008109038386684864
2018-04-17,0.010661504701720004
2018-04-18,0.0008313658006817715
2018-04-19,-0.005726124690152989
2018-04-20,-0.00853653230061302
2018-04-23,5.623169212687351e-05
2018-04-24,-0.01338056164164636
2018-04-25,0.001837059563023713
2018-04-26,0.010434204774367295
2018-04-27,0.0011136248915897262
2018-04-30,-0.008187490964434607
2018-05-01,0.0025490454770622506
2018-05-02,-0.007205863568357729
2018-05-03,-0.0022536742393085563
2018-05-04,0.012811178963797909
2018-05-07,0.0034579455015175675
2018-05-08,-0.0002656413228280252
2018-05-09,0.009682220255068819
2018-05-10,0.009370643723504823
2018-05-11,0.0017075955546570487
2018-05-14,0.0008834895573073265
2018-05-15,-0.006842140279927467
2018-05-16,0.004060561678767671
2018-05-17,-0.0008558723207806596
2018-05-18,-0.00263219493841671
2018-05-21,0.007386752997235124
2018-05-22,-0.0031357617896576873
2018-05-23,0.0032484098921563564
2018-05-24,-0.002023213496498033
2018-05-25,-0.0023572204364039617
2018-05-28,0.0
2018-05-29,-0.011564187290653005
2018-05-30,0.012695791223314323
2018-05-31,-0.006879559974886984
2018-06-01,0.010849230370481022
2018-06-04,0.004479598435997323
2018-06-05,0.0007025929724704394
2018-06-06,0.008567392465728796
2018-06-07,-0.0007141884679080501
2018-06-08,0.0031259043893263616
2018-06-11,0.001068707668436586
2018-06-12,0.0017433852107295866
2018-06-13,-0.004026127868587581
2018-06-14,0.002471549778432225
2018-06-15,-0.001017102715529128
2018-06-18,-0.0021261277624751163
2018-06-19,-0.004023402292699374
2018-06-20,0.0017121542893689945
2018-06-21,-0.006345510515579966
2018-06-22,0.0018619345065358228
2018-06-25,-0.013724668973416176
2018-06-26,0.0022045770199778936
2018-06-27,-0.008604355128821406
2018-06-28,0.00617868985946779
2018-06-29,0.0007584033300001014
2018-06-30,0.0
2018-07-01,0.0
2018-07-02,0.003067957412152822
2018-07-03,-0.00494735062681062
2018-07-04,0.0
2018-07-05,0.008620803683929923
2018-07-06,0.008481281595267509
2018-07-09,0.008822985887663393
2018-07-10,0.003473267180873929
2018-07-11,-0.007094202866256172
2018-07-12,0.008749042674663476
2018-07-13,0.0010792374947172778
2018-07-16,-0.001028135726814483
2018-07-17,0.00397369863071062
2018-07-18,0.0021605126279586884
2018-07-19,-0.003952993120479142
2018-07-20,-0.0009484477101494582
2018-07-23,0.0018380494891383492
2018-07-24,0.004780911145920941
2018-07-25,0.009101605057599604
2018-07-26,-0.0030322960242857855
2018-07-27,-0.00656220869212365
2018-07-30,-0.005754170294581917
2018-07-31,0.004884728797982518
2018-08-01,-0.0010403515262938923
2018-08-02,0.004926444803381669
2018-08-03,0.004644183009877123
2018-08-06,0.003538227451535869
2018-08-07,0.0028241822564987196
2018-08-08,-0.0002623799656497061
2018-08-09,-0.0014416744645237012
2018-08-10,-0.007113887913551609
2018-08-13,-0.004005992185342366
2018-08-14,0.006389254777276809
2018-08-15,-0.007602164835758152
2018-08-16,0.007919408484583057
2018-08-17,0.0033231157222237684
2018-08-20,0.0024280177746833775
2018-08-21,0.0020685364303643095
2018-08-22,-0.0003981517707819515
2018-08-23,-0.0016912621251551352
2018-08-24,0.006198839704363079
2018-08-27,0.007670409427647185
2018-08-28,0.00026927832649970007
2018-08-29,0.005701434129840033
2018-08-30,-0.004430329054144866
2018-08-31,0.00013447750859452157
2018-09-01,0.0
2018-09-03,0.0
2018-09-04,-0.0016543221469484948
2018-09-05,-0.002803126684318036
2018-09-06,-0.0036523050860121087
2018-09-07,-0.002213344827027508
2018-09-10,0.0018978268127400888
2018-09-11,0.003739841510076891
2018-09-12,0.00035667194221011833
2018-09-13,0.005282254329749936
2018-09-14,0.00027548183892078804
2018-09-17,-0.005569722252617426
2018-09-18,0.005369014643958003
2018-09-19,0.0012532727238796504
2018-09-20,0.007840591898404803
2018-09-21,-0.00036853301202766087
2018-09-24,-0.0035156877607932513
2018-09-25,-0.0013050961134796202
2018-09-26,-0.003289278113945082
2018-09-27,0.0027632870875580196
2018-09-28,-6.870120538793323e-06
2018-09-30,0.0
2018-10-01,0.003641105118425747
2018-10-02,-0.0003966902079042267
2018-10-03,0.0007115197468861023
2018-10-04,-0.008169482334351885
2018-10-05,-0.005527978766503461
2018-10-08,-0.00039511662920677093
2018-10-09,-0.0014179036575431292
2018-10-10,-0.0328642290012785
2018-10-11,-0.02057300761734404
2018-10-12,0.014206197825152422
2018-10-15,-0.005904978964482943
2018-10-16,0.02149560016316343
2018-10-17,-0.00025266233815879335
2018-10-18,-0.014391922356395415
2018-10-19,-0.00036116989772350117
2018-10-22,-0.004299527548581317
2018-10-23,-0.005511829997012829
2018-10-24,-0.030864433977743855
2018-10-25,0.018625040052811848
2018-10-26,-0.017327264039978307
2018-10-29,-0.0065595995737004476
2018-10-30,0.015666780052058682
2018-10-31,0.010851331974038647
2018-11-01,0.010557843693063784
2018-11-02,-0.0063166863793988615
2018-11-05,0.005600317169601965
2018-11-06,0.006259295774170726
2018-11-07,0.021208856064105275
2018-11-08,-0.0025089163835961825
2018-11-09,-0.00919901370610332
2018-11-12,-0.01970148934024063
2018-11-13,-0.0014819196931705747
2018-11-14,-0.007567410690302756
2018-11-15,0.010593753366266334
2018-11-16,0.0022233054237545957
2018-11-19,-0.01664310858849427
2018-11-20,-0.01815124083246611
2018-11-21,0.0030432907461763747
2018-11-22,0.0
2018-11-23,-0.006554842390161242
2018-11-26,0.0155323683669224
2018-11-27,0.003261692144003847
2018-11-28,0.022973979644221654
2018-11-29,-0.0021831080910337253
2018-11-30,0.008170747552017188
2018-12-01,0.0
2018-12-03,0.010941426132194287
2018-12-04,-0.03236490314939877
2018-12-05,0.0
2018-12-06,-0.0015222281477752508
2018-12-07,-0.023320118765389863
2018-12-10,0.0017621539947350051
2018-12-11,-0.00035634616892232795
2018-12-12,0.005419503676349802
2018-12-13,-0.00019993032368359476
2018-12-14,-0.019086709555430348
2018-12-17,-0.020773480559224233
2018-12-18,8.640058610476231e-05
2018-12-19,-0.01539571453679811
2018-12-20,-0.01577210632742365
2018-12-21,-0.0
2018-12-24,-0.0
2018-12-26,0.04959374278953943
2018-12-27,0.008562680784222065
2018-12-28,-0.0012415825080966947
2018-12-31,0.00849248413140935
2019-01-01,0.0
2019-01-02,0.0012684969251244294
2019-01-03,-0.0
2019-01-04,0.03433571464262353
2019-01-07,0.007010434848680358
2019-01-08,0.009695285023358924
2019-01-09,0.0
2019-01-10,0.004518418782931244
2019-01-11,-0.00014629784190933748
2019-01-14,-0.005257525167898014
2019-01-15,0.010721688622945758
2019-01-16,0.0022219854881162515
2019-01-17,0.0075914003822110665
2019-01-18,0.01318305304897005
2019-01-21,0.0
2019-01-22,-0.014157306164566674
2019-01-23,0.0022029127742235755
2019-01-24,0.0013757255543636049
2019-01-25,0.008488694060713842
2019-01-28,-0.007846827493937836
2019-01-29,-0.0014562465775435074
2019-01-30,0.01554926091974429
2019-01-31,0.008597395948725328
2019-02-01,0.0008986100931438479
2019-02-04,0.006776236617404008
2019-02-05,0.00470842037697472
2019-02-06,-0.0022244379802809355
2019-02-07,-0.009357140143940179
2019-02-08,0.0006762010869560964
2019-02-11,0.0007091030986317026
2019-02-12,0.0128902247439735
2019-02-13,0.003023994668760688
2019-02-14,-0.002651641555101225
2019-02-15,0.01087875260858695
2019-02-18,0.0
2019-02-19,0.0014987433214488366
2019-02-20,0.0017771107537685182
2019-02-21,-0.003526436790880272
2019-02-22,0.006411102394986878
2019-02-25,0.0012318625699112573
2019-02-26,-0.0007904570968998437
2019-02-27,-0.0005440493877303387
2019-02-28,-0.0028255083152146643
2019-03-01,0.00689532059343434
2019-03-04,-0.003880558492514008
2019-03-05,-0.001131532823106185
2019-03-06,-0.006524098653592381
2019-03-07,-0.00812571755868352
2019-03-08,-0.0021316888487414865
2019-03-11,0.014666041867757107
2019-03-12,0.0029533182046204143
2019-03-13,0.006949583813841809
2019-03-14,-0.0008680223820187738
2019-03-15,0.00498490290027398
2019-03-18,0.0037059469012648005
2019-03-19,-0.0001305615560248663
2019-03-20,-0.0029443536044478913
2019-03-21,0.010852481049954399
2019-03-22,-0.018974501239482744
2019-03-25,-0.000839020658475631
2019-03-26,0.007182725862306283
2019-03-27,-0.0046443248906916645
2019-03-28,0.003589481529391092
2019-03-29,0.0067342800173637585
2019-03-31,0.0
2019-04-01,0.011568600124275408
2019-04-02,1.745570720723677e-05
2019-04-03,0.002148376881724312
2019-04-04,0.0020846350796801527
2019-04-05,0.004636432770241061
2019-04-08,0.0010474599539205265
2019-04-09,-0.006067494393846573
2019-04-10,0.0034778715639784963
2019-04-11,3.8123067008344336e-05
2019-04-12,0.006609324208602496
2019-04-15,-0.0006293691084816588
2019-04-16,0.0005093580038946222
2019-04-17,-0.0022738117853239315
2019-04-18,0.0015790922795098083
2019-04-22,0.001012017561471401
2019-04-23,0.008841205788409079
2019-04-24,-0.002191763174733685
2019-04-25,-0.0003689736527457965
2019-04-26,0.0046852921407636305
2019-04-29,0.001071522174355355
2019-04-30,0.0009514170090862972
2019-05-01,-0.007502163081421376
2019-05-02,-0.0021239857917741967
2019-05-03,0.009638279380647763
2019-05-06,-0.004470988428756373
2019-05-07,-0.016511651392423388
2019-05-08,-0.0016054253132695706
2019-05-09,-0.0030214249424966866
2019-05-10,0.0037202972597878414
2019-05-13,-0.02413055719884427
2019-05-14,0.008015944543135589
2019-05-15,0.00583897507464215
2019-05-16,0.008895287120600504
2019-05-17,-0.005837333350761975
2019-05-20,-0.0067493779153879885
2019-05-21,0.008495835590448308
2019-05-22,-0.0028243962306494508
2019-05-23,-0.01191414994527018
2019-05-24,0.0013535590072402126
2019-05-27,0.0
2019-05-28,-0.008375676922946718
2019-05-29,-0.0069119122568113145
2019-05-30,0.0020984713906617714
2019-05-31,-0.01319537280847849
2019-06-01,0.0
2019-06-03,-0.0027652403144732274
2019-06-04,0.021432370568193138
2019-06-05,0.008161854781411959
2019-06-06,0.006135586748687638
2019-06-07,0.01049769746289475
2019-06-10,0.0046600444669098184
2019-06-11,-0.00034988023558091275
2019-06-12,-0.0020375791387226005
2019-06-13,0.004097381912668174
2019-06-14,-0.001611511904139773
2019-06-17,0.0009317492412306283
2019-06-18,0.009717399870633026
2019-06-19,0.002985163546397107
2019-06-20,0.009472185190685156
2019-06-21,-0.0012592227925193322
2019-06-24,-0.0017318870104667816
2019-06-25,-0.009496397343734198
2019-06-26,-0.0012339337557076835
2019-06-27,0.003823175554131808
2019-06-28,0.0057574526279098315
2019-06-30,0.0
2019-07-01,0.007672301032188189
2019-07-02,0.002928125887423194
2019-07-03,0.007672378673070135
2019-07-04,0.0
2019-07-05,-0.00180590159841032
2019-07-08,-0.004835444424841517
2019-07-09,0.0012365569653400854
2019-07-10,0.0045106896075925995
2019-07-11,0.002285226738359958
2019-07-12,0.004620174547884881
2019-07-15,0.00017586919155743175
2019-07-16,-0.003403778522185874
2019-07-17,-0.006531243569450895
2019-07-18,0.003581997784064761
2019-07-19,-0.00617673452276668
2019-07-22,0.002828694915066654
2019-07-23,0.006847482673755456
2019-07-24,0.004688147952890187
2019-07-25,-0.005262401280453521
2019-07-26,0.007387691099234761
2019-07-29,-0.0016161146071345112
2019-07-30,-0.0025786549148275606
2019-07-31,-0.010885526112695776
2019-08-01,-0.00899879386967306
2019-08-02,-0.007282739927037873
2019-08-05,-0.0297778200029859
2019-08-06,0.013017017169932643
2019-08-07,0.0007668762331907164
2019-08-08,0.018762303409984193
2019-08-09,-0.00661660635492356
2019-08-12,-0.012317322177972212
2019-08-13,0.015131688322181258
2019-08-14,-0.029292752911742603
2019-08-15,0.0024642680276520945
2019-08-16,0.014426124657807904
2019-08-19,0.012105865492430645
2019-08-20,-0.007914727601131322
2019-08-21,0.00824679859557964
2019-08-22,-0.0005060748601761755
2019-08-23,-0.025946336754618105
2019-08-26,0.010982987735216332
2019-08-27,-0.003203180635808267
2019-08-28,0.006545480165679685
2019-08-29,0.012687291793508804
2019-08-30,0.0006427872591217021
2019-08-31,0.0
2019-09-01,0.0
2019-09-02,0.0
2019-09-03,-0.00689910050906084
2019-09-04,0.010842079212828093
2019-09-05,0.013009813642266721
2019-09-06,0.0009106051537297599
2019-09-09,-9.401025965849463e-05
2019-09-10,0.0003223043548219451
2019-09-11,0.007229681189480308
2019-09-12,0.002879153101061016
2019-09-13,-0.0007244143620946941
2019-09-16,-0.0031355866640028207
2019-09-17,0.0025817523700197853
2019-09-18,0.00034269198975556137
2019-09-19,1.997472142156731e-05
2019-09-20,-0.0048955765157830955
2019-09-23,-9.693591923765066e-05
2019-09-24,-0.008416371322106486
2019-09-25,0.006158571742003405
2019-09-26,-0.002428916406865711
2019-09-27,-0.005316352490240539
2019-09-30,0.005047606675254723
2019-10-01,-0.012258373372913245
2019-10-02,-0.017903202985502964
2019-10-03,0.00797191259701524
2019-10-04,0.014216897585460186
2019-10-07,-0.004478294673592398
2019-10-08,-0.015560819201407838
2019-10-09,0.0091044925499415
2019-10-10,0.006415695380997066
2019-10-11,0.010938977513132997
2019-10-14,-0.0013871187334510982
2019-10-15,0.009955676641137279
2019-10-16,-0.0019995427986508885
2019-10-17,0.0027628315736780706
2019-10-18,-0.003919344949506964
2019-10-21,0.006871616056117524
2019-10-22,-0.003568666378412577
2019-10-23,0.0028471487971184484
2019-10-24,0.0019204463587332299
2019-10-25,0.004072700506109195
2019-10-28,0.005581337868471481
2019-10-29,-0.0008324053147991117
2019-10-30,0.00325337015914573
2019-10-31,-0.0030228605633046968
2019-11-01,0.009662312168146059
2019-11-04,0.003704089049704651
2019-11-05,-0.001185699214361291
2019-11-06,0.0007024972279667807
2019-11-07,0.0027300951851503275
2019-11-08,0.0025606760900243053
2019-11-11,-0.0019624672514313435
2019-11-12,0.0015646460846321375
2019-11-13,0.0007115345908383919
2019-11-14,0.0008370427393644686
2019-11-15,0.007695488006902673
2019-11-18,0.0005031528617669423
2019-11-19,-0.0005925944462060739
2019-11-20,-0.003756184245747196
2019-11-21,-0.0015827522106851566
2019-11-22,0.0021749356911917594
2019-11-25,0.007507291353015866
2019-11-26,0.0021955703874654287
2019-11-27,0.004174424362754614
2019-11-29,-0.004011219709926239
2019-11-30,0.0
2019-12-01,0.0
2019-12-02,-0.008631020716408422
2019-12-03,-0.00663809511563529
2019-12-04,0.00632356747139462
2019-12-05,0.0015002511791302187
2019-12-06,0.009135724328457329
2019-12-09,-0.00316282139344648
2019-12-10,-0.0010969340964486207
2019-12-11,0.002908158040315856
2019-12-12,0.008575225775086182
2019-12-13,7.258178414493166e-05
2019-12-16,0.007147785279833618
2019-12-17,0.00033529222633799094
2019-12-18,-0.00043230017186479675
2019-12-19,0.004459292004863613
2019-12-20,0.004944781081796634
2019-12-23,0.0008661436002121992
2019-12-24,-0.00019544819997963092
2019-12-26,0.005128166675301138
2019-12-27,3.398471712534601e-05
2019-12-30,-0.005780822450430323
2019-12-31,0.0029460216619106028
2020-01-01,0.0
2020-01-02,0.008378802677341701
2020-01-03,-0.007059870562045378
2020-01-06,0.0035333728907271933
2020-01-07,-0.0028032386528962228
2020-01-08,0.004902451368978156
2020-01-09,0.006655262605488987
2020-01-10,-0.002855178689662563
2020-01-13,0.006976215252569862
2020-01-14,-0.001514532772802224
2020-01-15,0.0018701968845122874
2020-01-16,0.00836655302646827
2020-01-17,0.003862162248501333
2020-01-20,0.0
2020-01-21,-0.0
2020-01-22,0.0
2020-01-23,0.0
2020-01-24,-0.0
2020-01-27,-0.015730711659182384
2020-01-28,0.010053584595046017
2020-01-29,-0.0008668741908683941
2020-01-30,0.003134358792605374
2020-01-31,-0.01770582037552626
2020-02-01,0.0
2020-02-03,0.007254613892351713
2020-02-04,0.014980414164082134
2020-02-05,0.01125059589785371
2020-02-06,0.003325672876785646
2020-02-07,-0.0
2020-02-10,0.007326397804890528
2020-02-11,0.0
2020-02-12,0.0
2020-02-13,-0.0
2020-02-14,0.0
2020-02-17,0.0
2020-02-18,-0.0
2020-02-19,0.0
2020-02-20,-0.0
2020-02-21,-0.0
2020-02-24,-0.03351362667122315
2020-02-25,-0.030279995565056117
2020-02-26,-0.0037785406053220116
2020-02-27,-0.04416324258407911
2020-02-28,-0.008238340444361891
2020-02-29,0.0
2020-03-01,0.0
2020-03-02,0.046039229006110016
2020-03-03,-0.028107896121075893
2020-03-04,0.04220259077449118
2020-03-05,-0.033922077046888544
2020-03-06,-0.01705385200037013
2020-03-09,-0.07596969747745097
2020-03-10,0.04939630628156144
2020-03-11,-0.048868445131273974
2020-03-12,-0.09511268097833658
2020-03-13,0.09287124972971839
2020-03-16,-0.11984055240393443
2020-03-17,0.05995484974402432
2020-03-18,-0.051830762729157875
2020-03-19,0.0047078080405855705
2020-03-20,-0.04335951230846191
2020-03-23,-0.0
2020-03-24,0.0
2020-03-25,0.0
2020-03-26,0.0
2020-03-27,-0.033687352562252526
2020-03-30,0.03351600948370015
2020-03-31,-0.016012721914555605
2020-04-01,-0.04414243033166543
2020-04-02,0.02282934723487151
2020-04-03,-0.015137125124949469
2020-04-06,0.07033131865275055
2020-04-07,-0.0016030527844311804
2020-04-08,0.03405645287963033
2020-04-09,0.014487410153376512
2020-04-13,-0.010104660822607414
2020-04-14,0.030572589146256046
2020-04-15,-0.022030438529415775
2020-04-16,0.005816689462164515
2020-04-17,0.026793594848223412
2020-04-20,-0.01788104803401469
2020-04-21,-0.030674795694063395
2020-04-22,0.022930247703843776
2020-04-23,-0.0005394221197431159
2020-04-24,0.013918057304545428
2020-04-27,0.014714069804799612
2020-04-28,-0.005242380698498916
2020-04-29,0.026583916282167053
2020-04-30,-0.009212446303987654
2020-05-01,-0.028059034078492195
2020-05-04,0.004249827591976452
2020-05-05,0.009040556385797371
2020-05-06,-0.006979410390386298
2020-05-07,0.011504630788313985
2020-05-08,0.016871538638701944
2020-05-11,0.00013307822091168653
2020-05-12,-0.020500317528877154
2020-05-13,-0.01746272460422804
2020-05-14,0.01152482269503552
2020-05-15,0.0039263632504382695
2020-05-18,0.03150119163168075
2020-05-19,-0.010484399194493177
2020-05-20,0.01665110025908012
2020-05-21,-0.007773596407737116
2020-05-22,0.002353711326488428
2020-05-25,0.0
2020-05-26,0.012289184036080147
2020-05-27,0.014827297215913804
2020-05-28,-0.0021079145460738413
2020-05-29,0.004812335824971425
2020-05-31,0.0
2020-06-01,0.003751234813537785
2020-06-02,0.008210832780053412
2020-06-03,0.013648979133831007
2020-06-04,-0.0033687022311144066
2020-06-05,0.026211650818398713
2020-06-08,0.012041579421169235
2020-06-09,-0.007799170822611612
2020-06-10,-0.0053130910724373814
2020-06-11,-0.05894405927443824
2020-06-12,0.013060843963234703
2020-06-15,0.008312217041285264
2020-06-16,0.01896239819380252
2020-06-17,-0.0036002995561740248
2020-06-18,0.0005942198825281686
2020-06-19,-0.005649494809462974
2020-06-22,0.006495095537691675
2020-06-23,0.004307419569164139
2020-06-24,-0.025855145939064572
2020-06-25,0.010959447267809841
2020-06-26,-0.024226905044785974
2020-06-29,0.014685678433118632
2020-06-30,0.015409875731554612
2020-07-01,0.005022132820864389
2020-07-02,0.004541250844364075
2020-07-03,0.0
2020-07-06,0.01588172586745884
2020-07-07,-0.010818532028197159
2020-07-08,0.007827461915415501
2020-07-09,-0.005643606159361103
2020-07-10,0.01046620127324438
2020-07-13,-0.009362541127788226
2020-07-14,0.013406370782667931
2020-07-15,0.009082050740923053
2020-07-16,-0.0034061012455366413
2020-07-17,0.002848612194617406
2020-07-20,0.0084069387471426
2020-07-21,0.0016790373419135474
2020-07-22,0.005747082068739751
2020-07-23,-0.012319859824193036
2020-07-24,-0.006190400054688405
2020-07-27,0.007395138795039502
2020-07-28,-0.006473392152297919
2020-07-29,0.01242838167815008
2020-07-30,-0.003750251937389204
2020-07-31,0.007670504990141325
2020-08-01,0.0
2020-08-03,0.00718102343932614
2020-08-04,0.0036119303819721615
2020-08-05,0.006429743053199433
2020-08-06,0.00642769555966427
2020-08-07,0.0006330295486443038
2020-08-10,0.002742218294476073
2020-08-11,-0.007969132154236114
2020-08-12,0.013996549490237653
2020-08-13,-0.002047174350497949
2020-08-14,-0.00017188262276812694
2020-08-17,0.0027098425110787527
2020-08-18,0.002303389154016955
2020-08-19,-0.0044043954214108005
2020-08-20,0.0031586327691348615
2020-08-21,0.0034411070444764214
2020-08-24,0.0
2020-08-25,0.0
2020-08-26,0.0
2020-08-27,0.0
2020-08-28,0.0
2020-08-31,-0.0
2020-09-01,0.0
2020-09-02,0.0
2020-09-03,-0.0
2020-09-04,-0.0
2020-09-07,0.0
2020-09-08,-0.0
2020-09-09,0.0
2020-09-10,-0.0
2020-09-11,0.0
2020-09-14,0.0
2020-09-15,0.0
2020-09-16,-0.0
2020-09-17,-0.0
2020-09-18,-0.0
2020-09-21,-0.0
2020-09-22,0.0
2020-09-23,-0.023721455093028143
2020-09-24,0.0029874591429570607
2020-09-25,0.0159767237756141
2020-09-28,0.016110590199083896
2020-09-29,-0.0048126645432444715
2020-09-30,0.008253718228220741
2020-10-01,0.0
2020-10-02,-0.0
2020-10-05,0.01797270867614209
2020-10-06,-0.0
2020-10-07,0.0
2020-10-08,0.0
2020-10-09,0.0
2020-10-12,0.0
2020-10-13,-0.0
2020-10-14,-0.006623141753502759
2020-10-15,-0.0015277553060997207
2020-10-16,0.00013491955745537076
2020-10-19,-0.016329861778318078
2020-10-20,0.004727334073110212
2020-10-21,-0.0021956999281005363
2020-10-22,0.005218925396392127
2020-10-23,0.003445761353703114
2020-10-26,-0.018589516294535646
2020-10-27,-0.0030256189119989285
2020-10-28,-0.035287878760604796
2020-10-29,0.011947330894238384
2020-10-30,-0.012129550130175693
2020-10-31,0.0
2020-11-01,0.0
2020-11-02,0.01231820260127181
2020-11-03,0.01779929009643455
2020-11-04,0.0
2020-11-05,0.0
2020-11-06,-0.0
2020-11-09,0.0
2020-11-10,-0.0
2020-11-11,0.0
2020-11-12,-0.009978532303877019
2020-11-13,0.013610335409063534
2020-11-16,0.011648051240012336
2020-11-17,-0.004791925698091615
2020-11-18,-0.011563829610944043
2020-11-19,0.003946442467421596
2020-11-20,-0.006792562915180156
2020-11-23,0.005635930617216234
2020-11-24,0.016161668273416252
2020-11-25,-0.001584418237524976
2020-11-26,0.0
2020-11-27,0.002396979198154181
2020-11-30,-0.0
2020-12-01,0.0
2020-12-02,0.0
2020-12-03,-0.0
2020-12-04,0.0
2020-12-07,-0.0
2020-12-08,0.0
2020-12-09,-0.0
2020-12-10,-0.0
2020-12-11,-0.0
2020-12-14,-0.0
2020-12-15,0.0
2020-12-16,0.0
2020-12-17,0.0
2020-12-18,-0.0
2020-12-21,-0.0
2020-12-22,-0.0
2020-12-23,0.0
2020-12-24,0.0
2020-12-28,0.0
2020-12-29,-0.0
2020-12-30,0.0
2020-12-31,0.0
2021-01-01,0.0
2021-01-04,-0.0
2021-01-05,0.0
2021-01-06,0.0
2021-01-07,0.0
2021-01-08,0.0
2021-01-11,-0.006554750898592476
2021-01-12,0.0004157884466327033
2021-01-13,0.0022756417379066196
2021-01-14,-0.0037534511943366766
2021-01-15,-0.007190027975370938
2021-01-18,0.0
2021-01-19,0.008136379515524483
2021-01-20,0.013935625421946263
2021-01-21,0.0003167233075522802
2021-01-22,-0.0030106116552376383
2021-01-25,0.0036158389430824833
2021-01-26,-0.0014888337468982327
2021-01-27,-0.025677883699462
2021-01-28,0.009760625975629766
2021-01-29,-0.019311475173124593
2021-01-31,0.0
2021-02-01,0.016051767614439383
2021-02-02,0.013898223484416938
2021-02-03,0.0010087690809532646
2021-02-04,0.010853322230420792
2021-02-05,0.003897495164625342
2021-02-08,0.007399348360373592
2021-02-09,-0.0011135249921484514
2021-02-10,-0.00034518493235935477
2021-02-11,0.0016624551635393559
2021-02-12,0.0047110331133788375
2021-02-15,0.0
2021-02-16,-0.0005692724183511411
2021-02-17,-0.0003204020092266724
2021-02-18,-0.004415835627354592
2021-02-19,-0.0018548966445751658
2021-02-22,-0.0077328394581538396
2021-02-23,0.0012563181187927874
2021-02-24,0.01135161376597904
2021-02-25,-0.02447880752512621
2021-02-26,-0.004750214169902844
2021-02-28,0.0
2021-03-01,0.023790763506800205
2021-03-02,-0.008080851690870694
2021-03-03,-0.01306622187199813
2021-03-04,-0.013417213930100202
2021-03-05,0.01949596819778221
2021-03-08,-0.005359231030161227
2021-03-09,0.01415464230382213
2021-03-10,0.006030313342701321
2021-03-11,0.010395487004435822
2021-03-12,0.0010153984958789497
2021-03-15,0.006491921301497117
2021-03-16,-0.0015696837343783798
2021-03-17,0.00287938213053085
2021-03-18,-0.014760539319459198
2021-03-19,-0.0006027039747036333
2021-03-22,0.007025118077311765
2021-03-23,-0.007630854183940605
2021-03-24,-0.00546733601831495
2021-03-25,0.005240265846959469
2021-03-26,0.016631202604519668
2021-03-29,-0.0008680126852336212
2021-03-30,-0.0031578329337678124
2021-03-31,0.0036224990395776757
2021-04-01,0.011825201774944727
2021-04-02,0.0
2021-04-05,0.014438226417743616
2021-04-06,-0.0009735307519511682
2021-04-07,0.001475232784985625
2021-04-08,0.0042206328286402695
2021-04-09,0.007719934348738189
2021-04-12,-0.00019607884876882142
2021-04-13,0.0032944868090414303
2021-04-14,-0.004087726727828533
2021-04-15,0.01109419052516647
2021-04-16,0.0036088195555097347
2021-04-19,-0.005306560094486046
2021-04-20,-0.006802319771775922
2021-04-21,0.009306055472153574
2021-04-22,-0.009210657476561801
2021-04-23,0.010928696540176919
2021-04-26,0.001782270924804541
2021-04-27,-0.00021489588801437698
2021-04-28,-0.0008455399168898481
2021-04-29,0.006762806734045723
2021-04-30,-0.007194706699326425
2021-05-01,0.0
2021-05-03,0.002748090747253684
2021-05-04,-0.006678337608227225
2021-05-05,0.0007034637617677753
2021-05-06,0.008165456466051824
2021-05-07,0.007373341616968343
2021-05-10,-0.010435647322188157
2021-05-11,-0.00867391280271812
2021-05-12,-0.021449400664502738
2021-05-13,0.012173141406923493
2021-05-14,0.014917956876899785
2021-05-17,-0.0025300521932207776
2021-05-18,-0.008517292959364653
2021-05-19,-0.002943411456817757
2021-05-20,0.010554741756143349
2021-05-21,-0.0007838806801412357
2021-05-24,0.009911292190138532
2021-05-25,-0.0021252837802967495
2021-05-26,0.0018768165702687245
2021-05-27,0.0011653145418315525
2021-05-28,0.0007688818911402162
2021-05-31,0.0
2021-06-01,-0.0004923335226864056
2021-06-02,0.0014469348384307246
2021-06-03,-0.0036287033416374515
2021-06-04,0.008834095710505974
2021-06-07,-0.0007967387044511831
2021-06-08,0.00017502486450582388
2021-06-09,-0.0018238673194856947
2021-06-10,0.004652243012262192
2021-06-11,0.0019484346695590737
2021-06-14,0.0018152018730952513
2021-06-15,-0.0020116937805257917
2021-06-16,-0.005390124612855707
2021-06-17,-0.00043571559205179966
2021-06-18,-0.013124468779900589
2021-06-21,0.014002289962720793
2021-06-22,0.005124491902218642
2021-06-23,-0.0010832833431588806
2021-06-24,0.005811249724885448
2021-06-25,0.0033305973193167304
2021-06-28,0.0023149642620619026
2021-06-29,0.00027733619326086867
2021-06-30,0.0013281596467464851
2021-07-01,0.0052216268542757405
2021-07-02,0.007500081663913916
2021-07-05,0.0
2021-07-06,-0.0020218560598241897
2021-07-07,0.003358975310182588
2021-07-08,-0.008561024934316985
2021-07-09,0.011277947808795874
2021-07-12,0.0034511743312370946
2021-07-13,-0.0035168126585656267
2021-07-14,0.0011649345752446916
2021-07-15,-0.0032622408541723713
2021-07-16,-0.007538854211077806
2021-07-19,-0.015869512427409305
2021-07-20,0.015162609437855634
2021-07-21,0.008241819990835397
2021-07-22,0.0020166699583279435
2021-07-23,0.010145452020822843
2021-07-26,0.0023821998626283314
2021-07-27,-0.0047124448070912095
2021-07-28,-0.0001862618826539153
2021-07-29,0.004206152980007483
2021-07-30,-0.0054060480514769305
2021-07-31,0.0
2021-08-01,0.0
2021-08-02,-0.001842805614891363
2021-08-03,0.0082034265474622
2021-08-04,-0.004632387901412294
2021-08-05,0.006005446813494242
2021-08-06,0.001675266241764728
2021-08-09,-0.0009399082741974318
2021-08-10,0.0009926793341701323
2021-08-11,0.0012757437876824707
2021-08-12,0.004146380281677686
2021-08-13,0.001607306655808216
2021-08-16,0.002620850702215849
2021-08-17,-0.00706069881494753
2021-08-18,-0.010748470745585936
2021-08-19,0.0012566922329095842
2021-08-20,0.008141567655737925
2021-08-23,0.00852379036424833
2021-08-24,0.0014957363013194946
2021-08-25,0.002220118224179668
2021-08-26,-0.005824918819612557
2021-08-27,0.008807632480425154
2021-08-30,0.004306570844779589
2021-08-31,-0.0013491160395050494
2021-09-01,0.0003116886257619189
2021-09-02,0.002842638410522902
2021-09-03,-0.0003350311257153127
2021-09-06,0.0
2021-09-07,-0.003395574405981705
2021-09-08,-0.001318566739775151
2021-09-09,-0.004605608657393345
2021-09-10,-0.007722578759925436
2021-09-13,0.0022764876184568905
2021-09-14,-0.00574663850657553
2021-09-15,0.008473996979569742
2021-09-16,-0.0015511404489350067
2021-09-17,-0.009110872450405094
2021-09-20,-0.01697731100841482
2021-09-21,-0.0008123585165593639
2021-09-22,0.009519611195260236
2021-09-23,0.012134715784494876
2021-09-24,0.001461009046688222
2021-09-27,-0.0027763826213396126
2021-09-28,-0.020364110556098214
2021-09-29,0.0015691842194003325
2021-09-30,-0.011909714125195148
2021-10-01,0.01149147763018199
2021-10-04,-0.012985898136748442
2021-10-05,0.010524514660609219
2021-10-06,0.004102792854185466
2021-10-07,0.008298280656405366
2021-10-08,-0.0019137230947889883
2021-10-11,-0.006865763848056816
2021-10-12,-0.0024167805585421087
2021-10-13,0.00302251448379387
2021-10-14,0.01706310194558336
2021-10-15,0.007460210377712606
2021-10-18,0.00337476955709759
2021-10-19,0.007393339551406308
2021-10-20,0.0036640298040166996
2021-10-21,0.002995871849622578
2021-10-22,-0.0010725536274130976
2021-10-25,0.004748196569493546
2021-10-26,0.0018197952535197182
2021-10-27,-0.005051568068462853
2021-10-28,0.009829281576461124
2021-10-29,0.001949334719149265
2021-10-31,0.0
2021-11-01,0.0018000771431341267
2021-11-02,0.0036803630854131963
2021-11-03,0.006461279195357994
2021-11-04,0.004181942361150437
2021-11-05,0.003732799652949259
2021-11-08,0.0008877879113036169
2021-11-09,-0.003498775895770745
2021-11-10,-0.008225823395229703
2021-11-11,0.0005509400447352153
2021-11-12,0.007222656026415475
2021-11-15,-1.0739820344718431e-05
2021-11-16,0.003865229864862485
2021-11-17,-0.002601625374463401
2021-11-18,0.0033847802152713324
2021-11-19,-0.001398665559303236
2021-11-22,-0.0031971365563219223
2021-11-23,0.001657132912945114
2021-11-24,0.0022938506357221833
2021-11-25,0.0
2021-11-26,-0.022724822637582465
2021-11-29,0.013200199537034996
2021-11-30,-0.01896131033450521
2021-12-01,-0.011815187417889228
2021-12-02,0.01419443613158311
2021-12-03,-0.008448563730297565
2021-12-06,0.011730872577451423
2021-12-07,0.020707080374404274
2021-12-08,0.0030852853123166657
2021-12-09,-0.007181080169894716
2021-12-10,0.009549073338481762
2021-12-13,-0.009136167611567658
2021-12-14,-0.0074706775774360246
2021-12-15,0.016348464630746795
2021-12-16,-0.008743415379980468
2021-12-17,-0.010287680637092622
2021-12-20,-0.01138805785140995
2021-12-21,0.017777934551572505
2021-12-22,0.010180197220578835
2021-12-23,0.006223699921661829
2021-12-27,0.01383893524747526
2021-12-28,-0.0010101548486260992
2021-12-29,0.0014018951394270118
2021-12-30,-0.0029897555945093135
2021-12-31,-0.0026261799136575448
2022-01-01,0.0
2022-01-03,0.006374052530970564
2022-01-04,-0.000629621957060511
2022-01-05,-0.019392757790687165
2022-01-06,-0.0009637690162076495
2022-01-07,-0.004050216740091761
2022-01-10,-0.0014410312534549607
2022-01-11,0.009159984668711818
2022-01-12,0.002817754443029452
2022-01-13,-0.0142436152864307
2022-01-14,0.0008199802697488323
2022-01-17,0.0
2022-01-18,-0.018387945694007368
2022-01-19,-0.009689541868338813
2022-01-20,-0.01103737849414832
2022-01-21,-0.018914821867908604
2022-01-24,0.002771738943381896
2022-01-25,-0.012171906253646725
2022-01-26,-0.0014966358477518371
2022-01-27,-0.00538408875771057
2022-01-28,0.0
2022-01-31,0.018885951732779516
2022-02-01,0.00686300355780145
2022-02-02,0.00942251544733641
2022-02-03,-0.024391082077444004
2022-02-04,0.0051569298644233985
2022-02-07,-0.0037017126347429485
2022-02-08,0.008401207191663262
2022-02-09,0.014517207887505545
2022-02-10,-0.01811572566845976
2022-02-11,-0.01896945434456343
2022-02-14,-0.0038405967262932217
2022-02-15,0.01576672117072042
2022-02-16,0.0008812077558950637
2022-02-17,-0.021173138152195015
2022-02-18,-0.0071661613961429005
2022-02-21,0.0
2022-02-22,-0.010142945264832837
2022-02-23,-0.018412122845487655
2022-02-24,0.014956856067329216
2022-02-25,0.022372677655603468
2022-02-28,-0.002442603440647617
2022-03-01,-0.015473503680411893
2022-03-02,0.018642691757321028
2022-03-03,-0.005254666430088317
2022-03-04,-0.007934042550334475
2022-03-07,-0.029518158313449172
2022-03-08,-0.00723375351819977
2022-03-09,0.02569824789143582
2022-03-10,-0.004291813651667864
2022-03-11,-0.012961545123475138
2022-03-14,-0.007421002465963666
2022-03-15,0.021408574170870942
2022-03-16,0.02238376135718223
2022-03-17,0.01234781757145198
2022-03-18,0.011662294827948783
2022-03-21,-0.00043466036210393355
2022-03-22,0.0113041136006502
2022-03-23,-0.012272698789159042
2022-03-24,0.01434391292056647
2022-03-25,0.005066170567449069
2022-03-28,0.007144955276586762
2022-03-29,0.012256547427530462
2022-03-30,-0.0062937001746978805
2022-03-31,-0.015652540713177343
2022-04-01,0.0034102225843584133
2022-04-04,0.008090938687879357
2022-04-05,-0.012551720801807331
2022-04-06,-0.009716916613271898
2022-04-07,0.004253385628492534
2022-04-08,-0.002651026482054286
2022-04-10,0.0
2022-04-11,-0.01687729010355421
2022-04-12,-0.003417447717741773
2022-04-13,0.011174577597236057
2022-04-14,-0.01214413784439794
2022-04-17,0.0
2022-04-18,-0.0002048682840329885
2022-04-19,0.016057604355527166
2022-04-20,-0.0006184750715809706
2022-04-21,-0.014752948498371943
2022-04-22,-0.027740054250753654
2022-04-24,0.0
2022-04-25,0.005697936985382235
2022-04-26,-0.028146308431003852
2022-04-27,0.0020980468517017847
2022-04-28,0.02474690007293945
2022-04-29,-0.036284507106413955
2022-04-30,0.0
2022-05-01,0.0
2022-05-02,0.005675242812353654
2022-05-03,0.004837126381486367
2022-05-04,0.02986242108440229
2022-05-05,-0.035649708609806985
2022-05-06,-0.0056742248424840325
2022-05-08,0.0
2022-05-09,-0.03203710063235676
2022-05-10,0.0024578974498534745
2022-05-11,-0.01646320750393837
2022-05-12,-0.0012959645058717717
2022-05-13,0.02386969542307149
2022-05-15,0.0
2022-05-16,-0.003946400929555671
2022-05-17,0.020169632234863677
2022-05-18,-0.04039526078745259
2022-05-19,-0.005833781800992588
2022-05-20,0.00014614176965843662
2022-05-22,0.0
2022-05-23,0.018555039930923556
2022-05-24,-0.008120797617175213
2022-05-25,0.009450764734207695
2022-05-26,0.019883256167224195
2022-05-27,0.02474226295510973
2022-05-29,0.0
2022-05-30,0.0
2022-05-31,-0.006274368617659065
2022-06-01,-0.007482768681131846
2022-06-02,0.018431018038486124
2022-06-03,-0.016347313992415624
2022-06-05,0.0
2022-06-06,0.003137400778913113
2022-06-07,0.009523393173235029
2022-06-08,-0.010793945785935621
2022-06-09,-0.02379869397635359
2022-06-10,-0.029110303335524668
2022-06-12,0.0
2022-06-13,-0.038768430665237275
2022-06-14,-0.0037736797459957394
2022-06-15,0.0
2022-06-16,-0.0
2022-06-17,0.0
2022-06-20,0.0
2022-06-21,0.0
2022-06-22,-0.0
2022-06-23,0.0
2022-06-24,0.0
2022-06-26,0.0
2022-06-27,-0.0029730715337762392
2022-06-28,-0.020143036075892073
2022-06-29,-0.0007117454091590814
2022-06-30,-0.008759278267998716
2022-07-01,0.010553814029047315
2022-07-04,0.0
2022-07-05,0.0015841285142366157
2022-07-06,0.0035731642904301975
2022-07-07,0.014964587965241805
2022-07-08,-0.000830271529819071
2022-07-10,0.0
2022-07-11,-0.011527461422777274
2022-07-12,-0.009243878717321574
2022-07-13,-0.0044569025122100925
2022-07-14,-0.00299863390215227
2022-07-15,0.01920124935943668
2022-07-17,0.0
2022-07-18,-0.008363571580831342
2022-07-19,0.02762829164595959
2022-07-20,0.005895806193263242
2022-07-21,0.00986137270919718
2022-07-22,-0.00933246697634671
2022-07-24,0.0
2022-07-25,0.0013151670479691902
2022-07-26,-0.01154320266205866
2022-07-27,0.026156273782937722
2022-07-28,0.012133338697180918
2022-07-29,0.014207760082581844
2022-07-31,0.0
2022-08-01,-0.0028230841271976725
2022-08-02,-0.006662395550704803
2022-08-03,0.015638477163140152
2022-08-04,-0.0007773401640558397
2022-08-05,-0.0016257460597355333
2022-08-07,0.0
2022-08-08,-0.0012375507238541195
2022-08-09,-0.004248692893594086
2022-08-10,0.021290637641290244
2022-08-11,-0.0007054739583503
2022-08-12,0.017322368774566943
2022-08-14,0.0
2022-08-15,0.0039695418998517695
2022-08-16,0.0018756797165810912
2022-08-17,-0.007237794954094601
2022-08-18,0.002269561170191503
2022-08-19,-0.012900001139847905
2022-08-21,0.0
2022-08-22,-0.0214000649197158
2022-08-23,-0.0022378626777133093
2022-08-24,0.0029161604463010526
2022-08-25,0.014091605518061545
2022-08-26,-0.03368805871951874
2022-08-28,0.0
2022-08-29,-0.006666355799502699
2022-08-30,-0.011028155571448206
2022-08-31,-0.007817025105971265
2022-09-01,0.0029962320243361873
2022-09-02,-0.010736500458081055
2022-09-05,0.0
2022-09-06,-0.004095056983834944
2022-09-07,0.018341016392734
2022-09-08,0.006610721877456038
2022-09-09,0.015271449816332883
2022-09-10,0.0
2022-09-11,0.0
2022-09-12,0.0105842727693497
2022-09-13,-0.0432366134006168
2022-09-14,0.0033870120853238816
2022-09-15,-0.011317739184353415
2022-09-16,-0.007182134089448455
2022-09-18,0.0
2022-09-19,0.006857100716286535
2022-09-20,-0.011272103097361819
2022-09-21,-0.017116493600784488
2022-09-22,-0.00842758097968943
2022-09-23,-0.017232619015461026
2022-09-25,0.0
2022-09-26,-0.010340526208282075
2022-09-27,-0.0021203598092424114
2022-09-28,0.019672139926234733
2022-09-29,-0.021126437880238824
2022-09-30,-0.015066695771983274
2022-10-01,0.0
2022-10-02,0.0
2022-10-03,0.025883894952576147
2022-10-04,0.030583700679551518
2022-10-05,-0.002017948757084831
2022-10-06,-0.010245080846639998
2022-10-07,-0.028003617786773516
2022-10-10,-0.00749246363390188
2022-10-11,-0.006519175777754405
2022-10-12,-0.0032907731480149582
2022-10-13,0.02596564246086497
2022-10-14,-0.02366266361565439
2022-10-16,0.0
2022-10-17,0.026480052302171098
2022-10-18,0.011427569666488724
2022-10-19,-0.0066720972934503076
2022-10-20,-0.007950909706564868
2022-10-21,0.02372481982226482
2022-10-23,0.0
2022-10-24,0.011881976654619875
2022-10-25,0.016266654579669915
2022-10-26,-0.007387716072364547
2022-10-27,-0.006082610618211248
2022-10-28,0.024626377895927698
2022-10-30,0.0
2022-10-31,-0.00745440410765752
2022-11-01,-0.004101230608784645
2022-11-02,-0.02500198485734284
2022-11-03,-0.010585992315429671
2022-11-04,0.013618724670070526
2022-11-06,0.0
2022-11-07,0.009613981920559844
2022-11-08,0.005597892802462701
2022-11-09,-0.02077788695478977
2022-11-10,0.05543448436034493
2022-11-11,0.009240746788147902
2022-11-13,0.0
2022-11-14,-0.008935777048800997
2022-11-15,0.008713116550319144
2022-11-16,-0.008252046497990273
2022-11-17,-0.0030893228355314273
2022-11-18,0.00475858190881473
2022-11-20,0.0
2022-11-21,-0.003883688698329779
2022-11-22,0.013579987927526016
2022-11-23,0.0059146891478476515
2022-11-24,0.0
2022-11-25,-0.0002830441976333642
2022-11-27,0.0
2022-11-28,-0.015444192913123267
2022-11-29,-0.0015918653377758885
2022-11-30,0.030947872397389053
2022-12-01,-0.0008676332180498347
2022-12-02,-0.001194660488065602
2022-12-04,0.0
2022-12-05,-0.017894212283564803
2022-12-06,-0.014399194981406072
2022-12-07,-0.0018623708845491027
2022-12-08,0.00752178195750397
2022-12-09,-0.007349578247904498
2022-12-11,0.0
2022-12-12,0.014279296218109305
2022-12-13,0.0072896644387934195
2022-12-14,-0.006052724634100337
2022-12-15,-0.024921675023714007
2022-12-16,-0.011137750774080746
2022-12-18,0.0
2022-12-19,-0.009007516001852345
2022-12-20,0.0010373383615349674
2022-12-21,0.014867993802734736
2022-12-22,-0.01445169956861636
2022-12-23,0.005868102525282026
2022-12-26,0.0
2022-12-27,-0.004049622110409712
2022-12-28,-0.012020638322615351
2022-12-29,0.01746133164481911
2022-12-30,-0.0025407424823445934
2022-12-31,0.0
2023-01-01,0.0
2023-01-02,0.0
2023-01-03,-0.004000548879248611
2023-01-04,0.007538970575044379
2023-01-05,-0.011645528874622113
2023-01-06,0.02284078102943865
2023-01-08,0.0
2023-01-09,-0.0007676325452631305
2023-01-10,0.006978233159061986
2023-01-11,0.012849424614881588
2023-01-12,0.0034159058663651987
2023-01-13,0.003996858363534361
2023-01-16,0.0
2023-01-17,-0.0020304911890052235
2023-01-18,-0.015562598500411085
2023-01-19,-0.007638350296294338
2023-01-20,0.018918401045981525
2023-01-22,0.0
2023-01-23,0.01188134498366522
2023-01-24,-0.0007115031258156934
2023-01-25,-0.0001817250594663422
2023-01-26,0.011007853469181317
2023-01-27,0.002494840970949097
2023-01-29,0.0
2023-01-30,-0.012968740984683369
2023-01-31,0.014642470285510134
2023-02-01,0.010452303944590291
2023-02-02,0.014699373244309921
2023-02-03,-0.010354610691310495
2023-02-05,0.0
2023-02-06,-0.006140463017754394
2023-02-07,0.01287251059802652
2023-02-08,-0.011080724476164705
2023-02-09,-0.00882979617773516
2023-02-10,0.0021952617756952897
2023-02-11,0.0
2023-02-12,0.0
2023-02-13,0.011448609342766147
2023-02-14,-0.0002804145319874607
2023-02-15,0.002773175690496066
2023-02-16,-0.013788741489130674
2023-02-17,-0.002767405825327751
2023-02-20,0.0
2023-02-21,-0.020041234255327334
2023-02-22,-0.0015735561458868341
2023-02-23,0.005329429416074394
2023-02-24,-0.010537551485558128
2023-02-26,0.0
2023-02-27,0.0030730045671669703
2023-02-28,-0.0030360018281855305
2023-03-01,-0.004725264845680033
2023-03-02,0.0075821940867943916
2023-03-03,0.0161477371607488
2023-03-05,0.0
2023-03-06,0.0006871667698291617
2023-03-07,-0.015326919115337678
2023-03-08,0.0014147940136839399
2023-03-09,-0.01845935787384867
2023-03-10,-0.01447813845705137
2023-03-12,0.0
2023-03-13,-0.001509761003189447
2023-03-14,0.016476655480623936
2023-03-15,-0.00698088356543769
2023-03-16,0.017562006217166637
2023-03-17,-0.011019457310067593
2023-03-19,0.0
2023-03-20,0.008918403718310097
2023-03-21,0.012982193897784988
2023-03-22,-0.01646322377571363
2023-03-23,0.0029845287333754023
2023-03-24,0.005639807253104534
2023-03-26,0.0
2023-03-27,0.0016469543057482383
2023-03-28,-0.0015738434957162095
2023-03-29,0.014237268879836451
2023-03-30,0.005715269388667954
2023-03-31,0.014436542471763847
2023-04-01,0.0
2023-04-02,0.0
2023-04-03,0.0036988464765423945
2023-04-04,-0.005796972083329965
2023-04-05,-0.002492370531228194
2023-04-06,0.0035791630944272956
2023-04-07,0.0
2023-04-09,0.0
2023-04-10,0.0009963029974375814
2023-04-11,-4.1352477946232646e-05
2023-04-12,-0.004134884052006904
2023-04-13,0.01326268999363811
2023-04-14,-0.0020693734728036706
2023-04-16,0.0
2023-04-17,0.00330615690296554
2023-04-18,0.0008552202959737354
2023-04-19,-8.42619976980652e-05
2023-04-20,-0.00595254815297297
2023-04-21,0.0009031888869577287
2023-04-23,0.0
2023-04-24,0.0008515791660903549
2023-04-25,-0.015810858882773227
2023-04-26,-0.003841187197329843
2023-04-27,0.01956614972249704
2023-04-28,0.008253202753460531
2023-04-30,0.0
2023-05-01,-0.0003861064902076494
2023-05-02,-0.011586262936400304
2023-05-03,-0.006998305064656485
2023-05-04,-0.007218732334382416
2023-05-05,0.018474751389515376
2023-05-07,0.0
2023-05-08,0.0004521286642489297
2023-05-09,-0.004579421277258522
2023-05-10,0.004483965263404999
2023-05-11,-0.0016966239932159066
2023-05-12,-0.0015833068345566526
2023-05-14,0.0
2023-05-15,0.0029581644391338813
2023-05-16,-0.006377683373153031
2023-05-17,0.011890829058788244
2023-05-18,0.009445048649426635
2023-05-19,-0.0014458676054706077
2023-05-21,0.0
2023-05-22,0.0001550346964389604
2023-05-23,-0.011222026747550129
2023-05-24,-0.007318600335353365
2023-05-25,0.008757581265902425
2023-05-26,0.01304908677799732
2023-05-30,1.660326849850513e-05
2023-05-31,-0.006108624209833935
2023-06-01,0.009854453563032717
2023-06-02,0.014534424705965554
2023-06-05,-0.0020035816359177394
2023-06-06,0.0023538963079141606
2023-06-07,-0.0038120096998572883
2023-06-08,0.0061886426142414575
2023-06-09,0.001148059539441082
2023-06-12,0.009321148810237156
2023-06-13,0.006932489951473775
2023-06-14,0.0008194255259321714
2023-06-15,0.01217813742034668
2023-06-16,-0.0036716195284263176
2023-06-20,-0.0047351076976228645
2023-06-21,-0.005245281583003636
2023-06-22,0.003710798414438443
